mode,encryption_time_sec,aggregation_time_sec,plain_bytes,protected_bytes,ciphertext_expansion,protocol_scope,active_clients,dropped_clients,max_abs_error_vs_plain,round,method,privacy_mode,mean_client_loss,dropout_rate_requested,seed
plain,6.400005077011883e-06,5.589999636868015e-05,1680,1680,1.0,plain weighted averaging,10,0,0.0,1,fedavg,plain,0.4431948535820743,0.0,31
plain,3.2000025385059416e-06,2.9799994081258774e-05,1680,1680,1.0,plain weighted averaging,10,0,0.0,2,fedavg,plain,0.407857859284936,0.0,31
plain,2.3999964469112456e-06,2.390000008745119e-05,1680,1680,1.0,plain weighted averaging,10,0,0.0,3,fedavg,plain,0.395696146661061,0.0,31
plain,1.6999983927235007e-06,2.1699997887481004e-05,1680,1680,1.0,plain weighted averaging,10,0,0.0,4,fedavg,plain,0.38894451113244094,0.0,31
plain,1.7999991541728377e-06,2.1899999410379678e-05,1680,1680,1.0,plain weighted averaging,10,0,0.0,5,fedavg,plain,0.3842748139864291,0.0,31
plain,1.6999983927235007e-06,2.0899999071843922e-05,1680,1680,1.0,plain weighted averaging,10,0,0.0,6,fedavg,plain,0.38067905852999195,0.0,31
plain,2.2999956854619086e-06,2.469999890308827e-05,1680,1680,1.0,plain weighted averaging,10,0,0.0,7,fedavg,plain,0.3777581680226988,0.0,31
plain,2.0000006770715117e-06,2.340000355616212e-05,1680,1680,1.0,plain weighted averaging,10,0,0.0,8,fedavg,plain,0.37531568865609294,0.0,31
plain,1.8999999156221747e-06,2.1200001356191933e-05,1680,1680,1.0,plain weighted averaging,10,0,0.0,9,fedavg,plain,0.37323643635544307,0.0,31
plain,1.700005668681115e-06,2.119999408023432e-05,1680,1680,1.0,plain weighted averaging,10,0,0.0,10,fedavg,plain,0.37144402775965135,0.0,31
plain,3.4999975468963385e-06,4.410000110510737e-05,1680,1680,1.0,plain weighted averaging,10,0,0.0,11,fedavg,plain,0.3698837214066879,0.0,31
plain,3.899993316736072e-06,5.740000051446259e-05,1680,1680,1.0,plain weighted averaging,10,0,0.0,12,fedavg,plain,0.36851439304832595,0.0,31
plain,1.8999999156221747e-06,2.0899999071843922e-05,1680,1680,1.0,plain weighted averaging,10,0,0.0,13,fedavg,plain,0.36730421794934126,0.0,31
plain,3.4000040614046156e-06,3.979999746661633e-05,1680,1680,1.0,plain weighted averaging,10,0,0.0,14,fedavg,plain,0.366228062126161,0.0,31
plain,1.6999983927235007e-06,2.1100000594742596e-05,1680,1680,1.0,plain weighted averaging,10,0,0.0,15,fedavg,plain,0.3652657693660137,0.0,31
plain,1.6999983927235007e-06,1.9999999494757503e-05,1680,1680,1.0,plain weighted averaging,10,0,0.0,16,fedavg,plain,0.36440097295390034,0.0,31
plain,1.7999991541728377e-06,2.0200001017656177e-05,1680,1680,1.0,plain weighted averaging,10,0,0.0,17,fedavg,plain,0.36362024127371395,0.0,31
plain,1.6999983927235007e-06,2.040000254055485e-05,1680,1680,1.0,plain weighted averaging,10,0,0.0,18,fedavg,plain,0.36291244810359496,0.0,31
plain,1.4999968698248267e-06,2.0500003302004188e-05,1680,1680,1.0,plain weighted averaging,10,0,0.0,19,fedavg,plain,0.36226829983954395,0.0,31
plain,1.4999968698248267e-06,3.270000161137432e-05,1680,1680,1.0,plain weighted averaging,10,0,0.0,20,fedavg,plain,0.3616799751584625,0.0,31
plain,1.4999968698248267e-06,1.8799997633323073e-05,1680,1680,1.0,plain weighted averaging,10,0,0.0,21,fedavg,plain,0.36114084680136715,0.0,31
plain,1.4999968698248267e-06,1.8600003386382014e-05,1680,1680,1.0,plain weighted averaging,10,0,0.0,22,fedavg,plain,0.3606452642751164,0.0,31
plain,1.3999961083754897e-06,1.8699996871873736e-05,1680,1680,1.0,plain weighted averaging,10,0,0.0,23,fedavg,plain,0.36018838235908074,0.0,31
plain,1.400003384333104e-06,1.8900005670730025e-05,1680,1680,1.0,plain weighted averaging,10,0,0.0,24,fedavg,plain,0.3597660244729541,0.0,31
plain,3.2000025385059416e-06,6.379999831551686e-05,1680,1680,1.0,plain weighted averaging,10,0,0.0,25,fedavg,plain,0.3593745728721536,0.0,31
plain,2.6999987312592566e-06,3.719999949680641e-05,1680,1680,1.0,plain weighted averaging,10,0,0.0,26,fedavg,plain,0.3590108796998873,0.0,31
plain,3.1999952625483274e-06,3.880000440403819e-05,1680,1680,1.0,plain weighted averaging,10,0,0.0,27,fedavg,plain,0.3586721944067206,0.0,31
plain,3.1000017770566046e-06,3.779999678954482e-05,1680,1680,1.0,plain weighted averaging,10,0,0.0,28,fedavg,plain,0.3583561041262314,0.0,31
plain,2.9000002541579306e-06,3.7800004065502435e-05,1680,1680,1.0,plain weighted averaging,10,0,0.0,29,fedavg,plain,0.35806048438843224,0.0,31
plain,3.1000017770566046e-06,3.7500001781154424e-05,1680,1680,1.0,plain weighted averaging,10,0,0.0,30,fedavg,plain,0.35778345814269175,0.0,31
plain,3.0000010156072676e-06,3.7500001781154424e-05,1680,1680,1.0,plain weighted averaging,10,0,0.0,31,fedavg,plain,0.35752336150545894,0.0,31
plain,2.7999994927085936e-06,3.8899997889529914e-05,1680,1680,1.0,plain weighted averaging,10,0,0.0,32,fedavg,plain,0.3572787149847866,0.0,31
plain,2.7999994927085936e-06,3.7699996028095484e-05,1680,1680,1.0,plain weighted averaging,10,0,0.0,33,fedavg,plain,0.3570481991915593,0.0,31
plain,2.9000002541579306e-06,3.7099998735357076e-05,1680,1680,1.0,plain weighted averaging,10,0,0.0,34,fedavg,plain,0.3568306342465573,0.0,31
plain,2.6999987312592566e-06,3.580000338843092e-05,1680,1680,1.0,plain weighted averaging,10,0,0.0,35,fedavg,plain,0.3566249622476062,0.0,31
plain,3.0000010156072676e-06,3.740000101970509e-05,1680,1680,1.0,plain weighted averaging,10,0,0.0,36,fedavg,plain,0.3564302322827142,0.0,31
plain,3.1000017770566046e-06,3.6600002204068005e-05,1680,1680,1.0,plain weighted averaging,10,0,0.0,37,fedavg,plain,0.3562455875711684,0.0,31
plain,2.5999979698099196e-06,6.120000034570694e-05,1680,1680,1.0,plain weighted averaging,10,0,0.0,38,fedavg,plain,0.3560702543908973,0.0,31
plain,2.9000002541579306e-06,3.5899996873922646e-05,1680,1680,1.0,plain weighted averaging,10,0,0.0,39,fedavg,plain,0.3559035325114322,0.0,31
plain,2.9000002541579306e-06,3.550000110408291e-05,1680,1680,1.0,plain weighted averaging,10,0,0.0,40,fedavg,plain,0.3557447869008602,0.0,31
plain,3.3000032999552786e-06,3.909999941242859e-05,1680,1680,1.0,plain weighted averaging,10,0,0.0,1,fedprox,plain,0.4438866427478344,0.0,31
plain,2.6999987312592566e-06,3.360000118846074e-05,1680,1680,1.0,plain weighted averaging,10,0,0.0,2,fedprox,plain,0.4082580498515244,0.0,31
plain,2.7000060072168708e-06,3.390000347280875e-05,1680,1680,1.0,plain weighted averaging,10,0,0.0,3,fedprox,plain,0.3959920173109046,0.0,31
plain,2.6999987312592566e-06,3.4699995012488216e-05,1680,1680,1.0,plain weighted averaging,10,0,0.0,4,fedprox,plain,0.38919910158912485,0.0,31
plain,2.4999972083605826e-06,3.309999738121405e-05,1680,1680,1.0,plain weighted averaging,10,0,0.0,5,fedprox,plain,0.384508936981456,0.0,31
plain,2.9000002541579306e-06,3.819999983534217e-05,1680,1680,1.0,plain weighted averaging,10,0,0.0,6,fedprox,plain,0.38090031998611795,0.0,31
plain,2.7999994927085936e-06,3.360000118846074e-05,1680,1680,1.0,plain weighted averaging,10,0,0.0,7,fedprox,plain,0.3779696624520082,0.0,31
plain,2.7000060072168708e-06,3.270000161137432e-05,1680,1680,1.0,plain weighted averaging,10,0,0.0,8,fedprox,plain,0.3755189260727027,0.0,31
plain,3.6000055843032897e-06,4.959999932907522e-05,1680,1680,1.0,plain weighted averaging,10,0,0.0,9,fedprox,plain,0.3734323646238117,0.0,31
plain,2.800006768666208e-06,3.730000025825575e-05,1680,1680,1.0,plain weighted averaging,10,0,0.0,10,fedprox,plain,0.3716333836042339,0.0,31
plain,3.1000017770566046e-06,3.619999915827066e-05,1680,1680,1.0,plain weighted averaging,10,0,0.0,11,fedprox,plain,0.37006714384946265,0.0,31
plain,2.2999956854619086e-06,2.630000381032005e-05,1680,1680,1.0,plain weighted averaging,10,0,0.0,12,fedprox,plain,0.36869245664368333,0.0,31
plain,2.2000021999701858e-06,2.4199995095841587e-05,1680,1680,1.0,plain weighted averaging,10,0,0.0,13,fedprox,plain,0.3674774418421204,0.0,31
plain,1.500004145782441e-06,1.8300001102034003e-05,1680,1680,1.0,plain weighted averaging,10,0,0.0,14,fedprox,plain,0.3663969135473056,0.0,31
plain,1.400003384333104e-06,1.809999957913533e-05,1680,1680,1.0,plain weighted averaging,10,0,0.0,15,fedprox,plain,0.36543066685477654,0.0,31
plain,2.2999956854619086e-06,3.2000003557186574e-05,1680,1680,1.0,plain weighted averaging,10,0,0.0,16,fedprox,plain,0.3645622902433023,0.0,31
plain,2.5999979698099196e-06,3.1299998227041215e-05,1680,1680,1.0,plain weighted averaging,10,0,0.0,17,fedprox,plain,0.36377831160750673,0.0,31
plain,2.4000037228688598e-06,2.9799994081258774e-05,1680,1680,1.0,plain weighted averaging,10,0,0.0,18,fedprox,plain,0.36306756860464867,0.0,31
plain,2.4999972083605826e-06,3.0399998649954796e-05,1680,1680,1.0,plain weighted averaging,10,0,0.0,19,fedprox,plain,0.36242073565938415,0.0,31
plain,2.5999979698099196e-06,3.120000474154949e-05,1680,1680,1.0,plain weighted averaging,10,0,0.0,20,fedprox,plain,0.361829963266649,0.0,31
plain,1.5999976312741637e-06,1.8600003386382014e-05,1680,1680,1.0,plain weighted averaging,10,0,0.0,21,fedprox,plain,0.36128859936490965,0.0,31
plain,1.500004145782441e-06,1.7800004570744932e-05,1680,1680,1.0,plain weighted averaging,10,0,0.0,22,fedprox,plain,0.36079097163135765,0.0,31
plain,1.3999961083754897e-06,1.7800004570744932e-05,1680,1680,1.0,plain weighted averaging,10,0,0.0,23,fedprox,plain,0.36033221561190276,0.0,31
plain,1.3000026228837669e-06,2.989999484270811e-05,1680,1680,1.0,plain weighted averaging,10,0,0.0,24,fedprox,plain,0.3599081377525134,0.0,31
plain,1.700005668681115e-06,2.25000039790757e-05,1680,1680,1.0,plain weighted averaging,10,0,0.0,25,fedprox,plain,0.3595151053000523,0.0,31
plain,1.600004907231778e-06,1.9099999917671084e-05,1680,1680,1.0,plain weighted averaging,10,0,0.0,26,fedprox,plain,0.3591499570992086,0.0,31
plain,1.500004145782441e-06,1.85999961104244e-05,1680,1680,1.0,plain weighted averaging,10,0,0.0,27,fedprox,plain,0.35880993079220835,0.0,31
plain,1.500004145782441e-06,1.9099999917671084e-05,1680,1680,1.0,plain weighted averaging,10,0,0.0,28,fedprox,plain,0.3584926030053469,0.0,31
plain,1.500004145782441e-06,1.8799997633323073e-05,1680,1680,1.0,plain weighted averaging,10,0,0.0,29,fedprox,plain,0.3581958398996938,0.0,31
plain,1.4999968698248267e-06,1.8300001102034003e-05,1680,1680,1.0,plain weighted averaging,10,0,0.0,30,fedprox,plain,0.3579177560538295,0.0,31
plain,1.2999953469261527e-06,3.3299998904112726e-05,1680,1680,1.0,plain weighted averaging,10,0,0.0,31,fedprox,plain,0.3576566800905639,0.0,31
plain,1.3999961083754897e-06,1.799999881768599e-05,1680,1680,1.0,plain weighted averaging,10,0,0.0,32,fedprox,plain,0.3574111257967768,0.0,31
plain,1.400003384333104e-06,1.799999881768599e-05,1680,1680,1.0,plain weighted averaging,10,0,0.0,33,fedprox,plain,0.35717976774387505,0.0,31
plain,1.4999968698248267e-06,1.8300001102034003e-05,1680,1680,1.0,plain weighted averaging,10,0,0.0,34,fedprox,plain,0.35696142061596453,0.0,31
plain,1.600004907231778e-06,1.8300001102034003e-05,1680,1680,1.0,plain weighted averaging,10,0,0.0,35,fedprox,plain,0.35675502160827804,0.0,31
plain,1.3000026228837669e-06,1.8499995348975062e-05,1680,1680,1.0,plain weighted averaging,10,0,0.0,36,fedprox,plain,0.356559615380317,0.0,31
plain,1.3000026228837669e-06,1.7499995010439306e-05,1680,1680,1.0,plain weighted averaging,10,0,0.0,37,fedprox,plain,0.3563743411444614,0.0,31
plain,2.1000014385208488e-06,2.8599999495781958e-05,1680,1680,1.0,plain weighted averaging,10,0,0.0,38,fedprox,plain,0.3561984215473203,0.0,31
plain,2.3000029614195228e-06,2.970000059576705e-05,1680,1680,1.0,plain weighted averaging,10,0,0.0,39,fedprox,plain,0.3560311530622811,0.0,31
plain,2.5000044843181968e-06,3.2800002372823656e-05,1680,1680,1.0,plain weighted averaging,10,0,0.0,40,fedprox,plain,0.3558718976608969,0.0,31
secureagg_sim,0.00084709999646293,1.0399999155197293e-05,1680,3360,2.0,pairwise-mask and dropout-reconstruction arithmetic simulation; no network or collusion proof,10,0,2.6272387043668743e-15,1,fedavg,secureagg_sim,0.4431948535820743,0.0,31
secureagg_sim,0.0020116000014240853,2.4000000848900527e-05,1680,3360,2.0,pairwise-mask and dropout-reconstruction arithmetic simulation; no network or collusion proof,10,0,3.903127820947816e-15,2,fedavg,secureagg_sim,0.407857859284936,0.0,31
secureagg_sim,0.0004771000021719374,8.000002708286047e-06,1680,3360,2.0,pairwise-mask and dropout-reconstruction arithmetic simulation; no network or collusion proof,10,0,4.56926163572291e-15,3,fedavg,secureagg_sim,0.395696146661061,0.0,31
secureagg_sim,0.0004273999948054552,6.499998562503606e-06,1680,3360,2.0,pairwise-mask and dropout-reconstruction arithmetic simulation; no network or collusion proof,10,0,2.615963001773025e-15,4,fedavg,secureagg_sim,0.3889445111324411,0.0,31
secureagg_sim,0.00045249999675434083,6.900001608300954e-06,1680,3360,2.0,pairwise-mask and dropout-reconstruction arithmetic simulation; no network or collusion proof,10,0,3.5414379762066517e-15,5,fedavg,secureagg_sim,0.3842748139864293,0.0,31
secureagg_sim,0.00043449999793665484,6.800000846851617e-06,1680,3360,2.0,pairwise-mask and dropout-reconstruction arithmetic simulation; no network or collusion proof,10,0,3.3861802251067274e-15,6,fedavg,secureagg_sim,0.3806790585299923,0.0,31
secureagg_sim,0.00043030000233557075,6.399997801054269e-06,1680,3360,2.0,pairwise-mask and dropout-reconstruction arithmetic simulation; no network or collusion proof,10,0,3.882311139236094e-15,7,fedavg,secureagg_sim,0.3777581680226991,0.0,31
secureagg_sim,0.0006210999999893829,9.400006092619151e-06,1680,3360,2.0,pairwise-mask and dropout-reconstruction arithmetic simulation; no network or collusion proof,10,0,2.1163626406917047e-15,8,fedavg,secureagg_sim,0.3753156886560932,0.0,31
secureagg_sim,0.0006281999958446249,1.0199997632298619e-05,1680,3360,2.0,pairwise-mask and dropout-reconstruction arithmetic simulation; no network or collusion proof,10,0,3.60063541482436e-15,9,fedavg,secureagg_sim,0.37323643635544335,0.0,31
secureagg_sim,0.0006307999938144349,9.300005331169814e-06,1680,3360,2.0,pairwise-mask and dropout-reconstruction arithmetic simulation; no network or collusion proof,10,0,2.1007501294079134e-15,10,fedavg,secureagg_sim,0.3714440277596518,0.0,31
secureagg_sim,0.0006399999983841553,9.60000033956021e-06,1680,3360,2.0,pairwise-mask and dropout-reconstruction arithmetic simulation; no network or collusion proof,10,0,4.099585254602189e-15,11,fedavg,secureagg_sim,0.36988372140668846,0.0,31
secureagg_sim,0.0006552999984705821,1.0399999155197293e-05,1680,3360,2.0,pairwise-mask and dropout-reconstruction arithmetic simulation; no network or collusion proof,10,0,3.2395960913866872e-15,12,fedavg,secureagg_sim,0.3685143930483264,0.0,31
secureagg_sim,0.0006261000016820617,9.60000033956021e-06,1680,3360,2.0,pairwise-mask and dropout-reconstruction arithmetic simulation; no network or collusion proof,10,0,2.6812319725566525e-15,13,fedavg,secureagg_sim,0.36730421794934165,0.0,31
secureagg_sim,0.0006337000013445504,9.099996532313526e-06,1680,3360,2.0,pairwise-mask and dropout-reconstruction arithmetic simulation; no network or collusion proof,10,0,2.7582103268031233e-15,14,fedavg,secureagg_sim,0.3662280621261614,0.0,31
secureagg_sim,0.0006393000003299676,9.900002623908222e-06,1680,3360,2.0,pairwise-mask and dropout-reconstruction arithmetic simulation; no network or collusion proof,10,0,2.390015269027046e-15,15,fedavg,secureagg_sim,0.36526576936601407,0.0,31
secureagg_sim,0.0008307999960379675,1.1500000255182385e-05,1680,3360,2.0,pairwise-mask and dropout-reconstruction arithmetic simulation; no network or collusion proof,10,0,1.926193579637747e-15,16,fedavg,secureagg_sim,0.36440097295390067,0.0,31
secureagg_sim,0.0008238999944296665,1.200000406242907e-05,1680,3360,2.0,pairwise-mask and dropout-reconstruction arithmetic simulation; no network or collusion proof,10,0,2.97461708043123e-15,17,fedavg,secureagg_sim,0.36362024127371434,0.0,31
secureagg_sim,0.0008043999987421557,9.399998816661537e-06,1680,3360,2.0,pairwise-mask and dropout-reconstruction arithmetic simulation; no network or collusion proof,10,0,2.753006156375193e-15,18,fedavg,secureagg_sim,0.36291244810359535,0.0,31
secureagg_sim,0.0011586000036913902,1.410000550094992e-05,1680,3360,2.0,pairwise-mask and dropout-reconstruction arithmetic simulation; no network or collusion proof,10,0,3.447546068069407e-15,19,fedavg,secureagg_sim,0.3622682998395442,0.0,31
secureagg_sim,0.001156099999207072,1.2999997125007212e-05,1680,3360,2.0,pairwise-mask and dropout-reconstruction arithmetic simulation; no network or collusion proof,10,0,2.411916152911253e-15,20,fedavg,secureagg_sim,0.3616799751584628,0.0,31
secureagg_sim,0.0011629000000539236,1.309999788645655e-05,1680,3360,2.0,pairwise-mask and dropout-reconstruction arithmetic simulation; no network or collusion proof,10,0,2.2445153374794913e-15,21,fedavg,secureagg_sim,0.3611408468013675,0.0,31
secureagg_sim,0.0011564999949769117,1.2600001355167478e-05,1680,3360,2.0,pairwise-mask and dropout-reconstruction arithmetic simulation; no network or collusion proof,10,0,3.857808170137922e-15,22,fedavg,secureagg_sim,0.3606452642751169,0.0,31
secureagg_sim,0.0011561999999685213,1.340000017080456e-05,1680,3360,2.0,pairwise-mask and dropout-reconstruction arithmetic simulation; no network or collusion proof,10,0,2.3266978621538925e-15,23,fedavg,secureagg_sim,0.36018838235908124,0.0,31
secureagg_sim,0.0015194999941741116,1.5099998563528061e-05,1680,3360,2.0,pairwise-mask and dropout-reconstruction arithmetic simulation; no network or collusion proof,10,0,3.7604468150487236e-15,24,fedavg,secureagg_sim,0.3597660244729545,0.0,31
secureagg_sim,0.0017370999994454905,1.3700002455152571e-05,1680,3360,2.0,pairwise-mask and dropout-reconstruction arithmetic simulation; no network or collusion proof,10,0,2.505808061048498e-15,25,fedavg,secureagg_sim,0.35937457287215413,0.0,31
secureagg_sim,0.0019527999975252897,1.9599996448960155e-05,1680,3360,2.0,pairwise-mask and dropout-reconstruction arithmetic simulation; no network or collusion proof,10,0,3.697346248610067e-15,26,fedavg,secureagg_sim,0.35901087969988776,0.0,31
secureagg_sim,0.0011433999970904551,1.340000017080456e-05,1680,3360,2.0,pairwise-mask and dropout-reconstruction arithmetic simulation; no network or collusion proof,10,0,1.936168239624614e-15,27,fedavg,secureagg_sim,0.3586721944067211,0.0,31
secureagg_sim,0.0011577000041143037,1.4700002793688327e-05,1680,3360,2.0,pairwise-mask and dropout-reconstruction arithmetic simulation; no network or collusion proof,10,0,2.622034533938944e-15,28,fedavg,secureagg_sim,0.358356104126232,0.0,31
secureagg_sim,0.0011162000009790063,1.3500000932253897e-05,1680,3360,2.0,pairwise-mask and dropout-reconstruction arithmetic simulation; no network or collusion proof,10,0,3.3523531173251797e-15,29,fedavg,secureagg_sim,0.3580604843884327,0.0,31
secureagg_sim,0.0010387999936938286,1.7300000763498247e-05,1680,3360,2.0,pairwise-mask and dropout-reconstruction arithmetic simulation; no network or collusion proof,10,0,2.1549602380321886e-15,30,fedavg,secureagg_sim,0.3577834581426922,0.0,31
secureagg_sim,0.0004554999977699481,7.999995432328433e-06,1680,3360,2.0,pairwise-mask and dropout-reconstruction arithmetic simulation; no network or collusion proof,10,0,2.8449465006019636e-15,31,fedavg,secureagg_sim,0.3575233615054594,0.0,31
secureagg_sim,0.00044630000047618523,7.300004654098302e-06,1680,3360,2.0,pairwise-mask and dropout-reconstruction arithmetic simulation; no network or collusion proof,10,0,2.321060010856968e-15,32,fedavg,secureagg_sim,0.357278714984787,0.0,31
secureagg_sim,0.0011190999939572066,1.8500002624932677e-05,1680,3360,2.0,pairwise-mask and dropout-reconstruction arithmetic simulation; no network or collusion proof,10,0,2.6831835364671264e-15,33,fedavg,secureagg_sim,0.3570481991915597,0.0,31
secureagg_sim,0.0008582000009482726,1.1900003300979733e-05,1680,3360,2.0,pairwise-mask and dropout-reconstruction arithmetic simulation; no network or collusion proof,10,0,2.9134680779030475e-15,34,fedavg,secureagg_sim,0.3568306342465577,0.0,31
secureagg_sim,0.0008063999994192272,1.0700001439545304e-05,1680,3360,2.0,pairwise-mask and dropout-reconstruction arithmetic simulation; no network or collusion proof,10,0,3.9406412161158144e-15,35,fedavg,secureagg_sim,0.35662496224760654,0.0,31
secureagg_sim,0.0021168000021134503,3.0800001695752144e-05,1680,3360,2.0,pairwise-mask and dropout-reconstruction arithmetic simulation; no network or collusion proof,10,0,3.796008646306248e-15,36,fedavg,secureagg_sim,0.35643023228271453,0.0,31
secureagg_sim,0.0019977999982074834,5.409999721450731e-05,1680,3360,2.0,pairwise-mask and dropout-reconstruction arithmetic simulation; no network or collusion proof,10,0,3.1062392241709702e-15,37,fedavg,secureagg_sim,0.356245587571169,0.0,31
secureagg_sim,0.001593299995874986,4.0599996282253414e-05,1680,3360,2.0,pairwise-mask and dropout-reconstruction arithmetic simulation; no network or collusion proof,10,0,5.106592232406726e-15,38,fedavg,secureagg_sim,0.35607025439089773,0.0,31
secureagg_sim,0.0013235000005806796,1.1500000255182385e-05,1680,3360,2.0,pairwise-mask and dropout-reconstruction arithmetic simulation; no network or collusion proof,10,0,2.1783790049578755e-15,39,fedavg,secureagg_sim,0.35590353251143264,0.0,31
secureagg_sim,0.001515899995865766,1.049999991664663e-05,1680,3360,2.0,pairwise-mask and dropout-reconstruction arithmetic simulation; no network or collusion proof,10,0,2.7764249233008798e-15,40,fedavg,secureagg_sim,0.35574478690086064,0.0,31
quantized_transport_proxy,8.939999679569155e-05,2.239999594166875e-05,1680,26880,16.0,quantized transport accounting proxy; not homomorphic encryption,10,0,0.0,1,fedavg,quantized_transport_proxy,0.4431948535820743,0.0,31
quantized_transport_proxy,0.00010540000221226364,2.800000220304355e-05,1680,26880,16.0,quantized transport accounting proxy; not homomorphic encryption,10,0,0.0,2,fedavg,quantized_transport_proxy,0.40785787165451487,0.0,31
quantized_transport_proxy,0.00011700000322889537,2.59000007645227e-05,1680,26880,16.0,quantized transport accounting proxy; not homomorphic encryption,10,0,0.0,3,fedavg,quantized_transport_proxy,0.39569614107038015,0.0,31
quantized_transport_proxy,7.79999973019585e-05,2.0300001779105514e-05,1680,26880,16.0,quantized transport accounting proxy; not homomorphic encryption,10,0,0.0,4,fedavg,quantized_transport_proxy,0.3889445032329558,0.0,31
quantized_transport_proxy,0.00010140000085812062,2.649999805726111e-05,1680,26880,16.0,quantized transport accounting proxy; not homomorphic encryption,10,0,0.0,5,fedavg,quantized_transport_proxy,0.3842748076164182,0.0,31
quantized_transport_proxy,9.830000635702163e-05,2.540000423323363e-05,1680,26880,16.0,quantized transport accounting proxy; not homomorphic encryption,10,0,0.0,6,fedavg,quantized_transport_proxy,0.38067904134796243,0.0,31
quantized_transport_proxy,9.580000187270343e-05,2.439999661874026e-05,1680,26880,16.0,quantized transport accounting proxy; not homomorphic encryption,10,0,0.0,7,fedavg,quantized_transport_proxy,0.37775815232887955,0.0,31
quantized_transport_proxy,0.0002447000006213784,6.120000034570694e-05,1680,26880,16.0,quantized transport accounting proxy; not homomorphic encryption,10,0,0.0,8,fedavg,quantized_transport_proxy,0.37531567931596627,0.0,31
quantized_transport_proxy,0.0002390000008745119,6.110000686021522e-05,1680,26880,16.0,quantized transport accounting proxy; not homomorphic encryption,10,0,0.0,9,fedavg,quantized_transport_proxy,0.37323643899911974,0.0,31
quantized_transport_proxy,0.0023309000025619753,4.149999585933983e-05,1680,26880,16.0,quantized transport accounting proxy; not homomorphic encryption,10,0,0.0,10,fedavg,quantized_transport_proxy,0.37144402949183797,0.0,31
quantized_transport_proxy,7.159999950090423e-05,2.2799998987466097e-05,1680,26880,16.0,quantized transport accounting proxy; not homomorphic encryption,10,0,0.0,11,fedavg,quantized_transport_proxy,0.3698837272626253,0.0,31
quantized_transport_proxy,0.00010270000348100439,2.6599998818710446e-05,1680,26880,16.0,quantized transport accounting proxy; not homomorphic encryption,10,0,0.0,12,fedavg,quantized_transport_proxy,0.36851440538505587,0.0,31
quantized_transport_proxy,7.03999976394698e-05,2.0899999071843922e-05,1680,26880,16.0,quantized transport accounting proxy; not homomorphic encryption,10,0,0.0,13,fedavg,quantized_transport_proxy,0.36730422956553077,0.0,31
quantized_transport_proxy,8.86999987415038e-05,2.0799998310394585e-05,1680,26880,16.0,quantized transport accounting proxy; not homomorphic encryption,10,0,0.0,14,fedavg,quantized_transport_proxy,0.3662280728469121,0.0,31
quantized_transport_proxy,6.289999873843044e-05,1.8200000340584666e-05,1680,26880,16.0,quantized transport accounting proxy; not homomorphic encryption,10,0,0.0,15,fedavg,quantized_transport_proxy,0.3652657765539238,0.0,31
quantized_transport_proxy,0.00010719999409047887,2.7400004910305142e-05,1680,26880,16.0,quantized transport accounting proxy; not homomorphic encryption,10,0,0.0,16,fedavg,quantized_transport_proxy,0.364400988235613,0.0,31
quantized_transport_proxy,9.519999730400741e-05,2.4300003133248538e-05,1680,26880,16.0,quantized transport accounting proxy; not homomorphic encryption,10,0,0.0,17,fedavg,quantized_transport_proxy,0.3636202648752575,0.0,31
quantized_transport_proxy,6.679999933112413e-05,1.9699997210409492e-05,1680,26880,16.0,quantized transport accounting proxy; not homomorphic encryption,10,0,0.0,18,fedavg,quantized_transport_proxy,0.3629124707679444,0.0,31
quantized_transport_proxy,6.72999958624132e-05,1.979999797185883e-05,1680,26880,16.0,quantized transport accounting proxy; not homomorphic encryption,10,0,0.0,19,fedavg,quantized_transport_proxy,0.3622683137460652,0.0,31
quantized_transport_proxy,6.600000051548705e-05,1.9099999917671084e-05,1680,26880,16.0,quantized transport accounting proxy; not homomorphic encryption,10,0,0.0,20,fedavg,quantized_transport_proxy,0.36167998754956787,0.0,31
quantized_transport_proxy,6.240000220714137e-05,1.7299993487540632e-05,1680,26880,16.0,quantized transport accounting proxy; not homomorphic encryption,10,0,0.0,21,fedavg,quantized_transport_proxy,0.36114086440759663,0.0,31
quantized_transport_proxy,0.00013070000568404794,2.9199996788520366e-05,1680,26880,16.0,quantized transport accounting proxy; not homomorphic encryption,10,0,0.0,22,fedavg,quantized_transport_proxy,0.3606452792423418,0.0,31
quantized_transport_proxy,0.00011500000255182385,2.5699999241624027e-05,1680,26880,16.0,quantized transport accounting proxy; not homomorphic encryption,10,0,0.0,23,fedavg,quantized_transport_proxy,0.3601883909297062,0.0,31
quantized_transport_proxy,9.820000559557229e-05,2.469999890308827e-05,1680,26880,16.0,quantized transport accounting proxy; not homomorphic encryption,10,0,0.0,24,fedavg,quantized_transport_proxy,0.35976603409955343,0.0,31
quantized_transport_proxy,7.199999527074397e-05,2.040000254055485e-05,1680,26880,16.0,quantized transport accounting proxy; not homomorphic encryption,10,0,0.0,25,fedavg,quantized_transport_proxy,0.35937458435940073,0.0,31
quantized_transport_proxy,0.00011300000187475234,2.909999602707103e-05,1680,26880,16.0,quantized transport accounting proxy; not homomorphic encryption,10,0,0.0,26,fedavg,quantized_transport_proxy,0.3590108856383126,0.0,31
quantized_transport_proxy,7.390000246232376e-05,2.300000051036477e-05,1680,26880,16.0,quantized transport accounting proxy; not homomorphic encryption,10,0,0.0,27,fedavg,quantized_transport_proxy,0.35867220060464317,0.0,31
quantized_transport_proxy,6.579999899258837e-05,1.979999797185883e-05,1680,26880,16.0,quantized transport accounting proxy; not homomorphic encryption,10,0,0.0,28,fedavg,quantized_transport_proxy,0.35835611225191444,0.0,31
quantized_transport_proxy,0.00010409999958937988,2.61999957729131e-05,1680,26880,16.0,quantized transport accounting proxy; not homomorphic encryption,10,0,0.0,29,fedavg,quantized_transport_proxy,0.35806048597072904,0.0,31
quantized_transport_proxy,9.979999595088884e-05,2.5800000003073364e-05,1680,26880,16.0,quantized transport accounting proxy; not homomorphic encryption,10,0,0.0,30,fedavg,quantized_transport_proxy,0.3577834601868921,0.0,31
quantized_transport_proxy,0.00010449999535921961,2.7300004148855805e-05,1680,26880,16.0,quantized transport accounting proxy; not homomorphic encryption,10,0,0.0,31,fedavg,quantized_transport_proxy,0.357523362390527,0.0,31
quantized_transport_proxy,9.300000237999484e-05,2.2000000171829015e-05,1680,26880,16.0,quantized transport accounting proxy; not homomorphic encryption,10,0,0.0,32,fedavg,quantized_transport_proxy,0.3572787227334235,0.0,31
quantized_transport_proxy,0.00010900000052060932,2.5999994250014424e-05,1680,26880,16.0,quantized transport accounting proxy; not homomorphic encryption,10,0,0.0,33,fedavg,quantized_transport_proxy,0.357048202383598,0.0,31
quantized_transport_proxy,9.549999958835542e-05,4.050000279676169e-05,1680,26880,16.0,quantized transport accounting proxy; not homomorphic encryption,10,0,0.0,34,fedavg,quantized_transport_proxy,0.3568306373684472,0.0,31
quantized_transport_proxy,9.429999772692099e-05,2.359999780310318e-05,1680,26880,16.0,quantized transport accounting proxy; not homomorphic encryption,10,0,0.0,35,fedavg,quantized_transport_proxy,0.35662496871237587,0.0,31
quantized_transport_proxy,7.119999645510688e-05,2.1400002879090607e-05,1680,26880,16.0,quantized transport accounting proxy; not homomorphic encryption,10,0,0.0,36,fedavg,quantized_transport_proxy,0.35643023406623076,0.0,31
quantized_transport_proxy,7.579999510198832e-05,3.719999949680641e-05,1680,26880,16.0,quantized transport accounting proxy; not homomorphic encryption,10,0,0.0,37,fedavg,quantized_transport_proxy,0.3562455929423704,0.0,31
quantized_transport_proxy,6.379999831551686e-05,1.85999961104244e-05,1680,26880,16.0,quantized transport accounting proxy; not homomorphic encryption,10,0,0.0,38,fedavg,quantized_transport_proxy,0.35607026223779126,0.0,31
quantized_transport_proxy,6.500000017695129e-05,1.8200000340584666e-05,1680,26880,16.0,quantized transport accounting proxy; not homomorphic encryption,10,0,0.0,39,fedavg,quantized_transport_proxy,0.35590353601469926,0.0,31
quantized_transport_proxy,7.580000237794593e-05,2.3299995518755168e-05,1680,26880,16.0,quantized transport accounting proxy; not homomorphic encryption,10,0,0.0,40,fedavg,quantized_transport_proxy,0.3557447959965304,0.0,31
plain,1.6999983927235007e-06,3.6799996451009065e-05,1680,1680,1.0,plain weighted averaging,10,0,0.0,1,fedavgft_base,plain,0.4431948535820743,0.0,31
plain,1.3000026228837669e-06,1.4599994756281376e-05,1680,1680,1.0,plain weighted averaging,10,0,0.0,2,fedavgft_base,plain,0.407857859284936,0.0,31
plain,1.2000018614344299e-06,1.4199998986441642e-05,1680,1680,1.0,plain weighted averaging,10,0,0.0,3,fedavgft_base,plain,0.395696146661061,0.0,31
plain,1.2999953469261527e-06,1.3600001693703234e-05,1680,1680,1.0,plain weighted averaging,10,0,0.0,4,fedavgft_base,plain,0.38894451113244094,0.0,31
plain,1.1000010999850929e-06,1.5000005078036338e-05,1680,1680,1.0,plain weighted averaging,10,0,0.0,5,fedavgft_base,plain,0.3842748139864291,0.0,31
plain,1.7999991541728377e-06,2.0500003302004188e-05,1680,1680,1.0,plain weighted averaging,10,0,0.0,6,fedavgft_base,plain,0.38067905852999195,0.0,31
plain,1.500004145782441e-06,1.889999839477241e-05,1680,1680,1.0,plain weighted averaging,10,0,0.0,7,fedavgft_base,plain,0.3777581680226988,0.0,31
plain,1.400003384333104e-06,1.8300001102034003e-05,1680,1680,1.0,plain weighted averaging,10,0,0.0,8,fedavgft_base,plain,0.37531568865609294,0.0,31
plain,1.400003384333104e-06,1.8100006855092943e-05,1680,1680,1.0,plain weighted averaging,10,0,0.0,9,fedavgft_base,plain,0.37323643635544307,0.0,31
plain,1.500004145782441e-06,1.9099999917671084e-05,1680,1680,1.0,plain weighted averaging,10,0,0.0,10,fedavgft_base,plain,0.37144402775965135,0.0,31
plain,1.4999968698248267e-06,1.809999957913533e-05,1680,1680,1.0,plain weighted averaging,10,0,0.0,11,fedavgft_base,plain,0.3698837214066879,0.0,31
plain,1.3000026228837669e-06,1.4299999747890979e-05,1680,1680,1.0,plain weighted averaging,10,0,0.0,12,fedavgft_base,plain,0.36851439304832595,0.0,31
plain,3.9000005926936865e-06,5.119999696034938e-05,1680,1680,1.0,plain weighted averaging,10,0,0.0,13,fedavgft_base,plain,0.36730421794934126,0.0,31
plain,4.1000021155923605e-06,4.890000127488747e-05,1680,1680,1.0,plain weighted averaging,10,0,0.0,14,fedavgft_base,plain,0.366228062126161,0.0,31
plain,3.6999990697950125e-06,4.86999997519888e-05,1680,1680,1.0,plain weighted averaging,10,0,0.0,15,fedavgft_base,plain,0.3652657693660137,0.0,31
plain,4.0000013541430235e-06,4.6799999836366624e-05,1680,1680,1.0,plain weighted averaging,10,0,0.0,16,fedavgft_base,plain,0.36440097295390034,0.0,31
plain,4.199995601084083e-06,5.0499998906161636e-05,1680,1680,1.0,plain weighted averaging,10,0,0.0,17,fedavgft_base,plain,0.36362024127371395,0.0,31
plain,4.399997123982757e-06,6.140000186860561e-05,1680,1680,1.0,plain weighted averaging,10,0,0.0,18,fedavgft_base,plain,0.36291244810359496,0.0,31
plain,3.6000055843032897e-06,4.489999992074445e-05,1680,1680,1.0,plain weighted averaging,10,0,0.0,19,fedavgft_base,plain,0.36226829983954395,0.0,31
plain,1.800006430130452e-06,1.840000186348334e-05,1680,1680,1.0,plain weighted averaging,10,0,0.0,20,fedavgft_base,plain,0.3616799751584625,0.0,31
plain,1.5999976312741637e-06,1.5799996617715806e-05,1680,1680,1.0,plain weighted averaging,10,0,0.0,21,fedavgft_base,plain,0.36114084680136715,0.0,31
plain,1.1000010999850929e-06,1.460000203223899e-05,1680,1680,1.0,plain weighted averaging,10,0,0.0,22,fedavgft_base,plain,0.3606452642751164,0.0,31
plain,1.2000018614344299e-06,1.5400000847876072e-05,1680,1680,1.0,plain weighted averaging,10,0,0.0,23,fedavgft_base,plain,0.36018838235908074,0.0,31
plain,1.3000026228837669e-06,1.3600001693703234e-05,1680,1680,1.0,plain weighted averaging,10,0,0.0,24,fedavgft_base,plain,0.3597660244729541,0.0,31
plain,2.3000029614195228e-06,2.390000008745119e-05,1680,1680,1.0,plain weighted averaging,10,0,0.0,25,fedavgft_base,plain,0.3593745728721536,0.0,31
plain,2.1999949240125716e-06,2.1899999410379678e-05,1680,1680,1.0,plain weighted averaging,10,0,0.0,26,fedavgft_base,plain,0.3590108796998873,0.0,31
plain,1.8999999156221747e-06,3.529999958118424e-05,1680,1680,1.0,plain weighted averaging,10,0,0.0,27,fedavgft_base,plain,0.3586721944067206,0.0,31
plain,2.3000029614195228e-06,2.130000211764127e-05,1680,1680,1.0,plain weighted averaging,10,0,0.0,28,fedavgft_base,plain,0.3583561041262314,0.0,31
plain,1.8999999156221747e-06,2.099999983329326e-05,1680,1680,1.0,plain weighted averaging,10,0,0.0,29,fedavgft_base,plain,0.35806048438843224,0.0,31
plain,1.500004145782441e-06,1.8999999156221747e-05,1680,1680,1.0,plain weighted averaging,10,0,0.0,30,fedavgft_base,plain,0.35778345814269175,0.0,31
plain,1.6999983927235007e-06,2.3399996280204505e-05,1680,1680,1.0,plain weighted averaging,10,0,0.0,31,fedavgft_base,plain,0.35752336150545894,0.0,31
plain,1.600004907231778e-06,1.8499995348975062e-05,1680,1680,1.0,plain weighted averaging,10,0,0.0,32,fedavgft_base,plain,0.3572787149847866,0.0,31
plain,2.2000021999701858e-06,2.5800000003073364e-05,1680,1680,1.0,plain weighted averaging,10,0,0.0,33,fedavgft_base,plain,0.3570481991915593,0.0,31
plain,1.400003384333104e-06,1.8300001102034003e-05,1680,1680,1.0,plain weighted averaging,10,0,0.0,34,fedavgft_base,plain,0.3568306342465573,0.0,31
plain,1.3000026228837669e-06,1.5099998563528061e-05,1680,1680,1.0,plain weighted averaging,10,0,0.0,35,fedavgft_base,plain,0.3566249622476062,0.0,31
plain,1.4999968698248267e-06,1.750000228639692e-05,1680,1680,1.0,plain weighted averaging,10,0,0.0,36,fedavgft_base,plain,0.3564302322827142,0.0,31
plain,2.0999941625632346e-06,2.2599997464567423e-05,1680,1680,1.0,plain weighted averaging,10,0,0.0,37,fedavgft_base,plain,0.3562455875711684,0.0,31
plain,2.0000006770715117e-06,2.0799998310394585e-05,1680,1680,1.0,plain weighted averaging,10,0,0.0,38,fedavgft_base,plain,0.3560702543908973,0.0,31
plain,1.7999991541728377e-06,2.1100000594742596e-05,1680,1680,1.0,plain weighted averaging,10,0,0.0,39,fedavgft_base,plain,0.3559035325114322,0.0,31
plain,1.5999976312741637e-06,1.9999999494757503e-05,1680,1680,1.0,plain weighted averaging,10,0,0.0,40,fedavgft_base,plain,0.3557447869008602,0.0,31
plain,2.4999972083605826e-06,2.630000381032005e-05,1680,1680,1.0,plain weighted averaging,10,0,0.0,1,fedavg,plain,0.3152494037054872,0.0,37
plain,2.0000006770715117e-06,2.25000039790757e-05,1680,1680,1.0,plain weighted averaging,10,0,0.0,2,fedavg,plain,0.26015935854519573,0.0,37
plain,2.0000006770715117e-06,2.2100000933278352e-05,1680,1680,1.0,plain weighted averaging,10,0,0.0,3,fedavg,plain,0.23636178278630576,0.0,37
plain,2.1000014385208488e-06,2.5499997718725353e-05,1680,1680,1.0,plain weighted averaging,10,0,0.0,4,fedavg,plain,0.22244062798833414,0.0,37
plain,2.1000014385208488e-06,2.390000008745119e-05,1680,1680,1.0,plain weighted averaging,10,0,0.0,5,fedavg,plain,0.2129662482102348,0.0,37
plain,1.8999999156221747e-06,2.300000051036477e-05,1680,1680,1.0,plain weighted averaging,10,0,0.0,6,fedavg,plain,0.20591419452632193,0.0,37
plain,1.7999991541728377e-06,3.8300000596791506e-05,1680,1680,1.0,plain weighted averaging,10,0,0.0,7,fedavg,plain,0.20035361728248152,0.0,37
plain,1.6999983927235007e-06,2.239999594166875e-05,1680,1680,1.0,plain weighted averaging,10,0,0.0,8,fedavg,plain,0.19579326213823137,0.0,37
plain,5.199995939619839e-06,5.619999865302816e-05,1680,1680,1.0,plain weighted averaging,10,0,0.0,9,fedavg,plain,0.1919470108838017,0.0,37
plain,2.5999979698099196e-06,2.9199996788520366e-05,1680,1680,1.0,plain weighted averaging,10,0,0.0,10,fedavg,plain,0.1886353433061722,0.0,37
plain,1.800006430130452e-06,4.220000118948519e-05,1680,1680,1.0,plain weighted averaging,10,0,0.0,11,fedavg,plain,0.1857388516727056,0.0,37
plain,1.600004907231778e-06,2.1899999410379678e-05,1680,1680,1.0,plain weighted averaging,10,0,0.0,12,fedavg,plain,0.18317428813152634,0.0,37
plain,2.1999949240125716e-06,2.5000001187436283e-05,1680,1680,1.0,plain weighted averaging,10,0,0.0,13,fedavg,plain,0.18088132971187199,0.0,37
plain,2.3000029614195228e-06,2.460000541759655e-05,1680,1680,1.0,plain weighted averaging,10,0,0.0,14,fedavg,plain,0.17881483745029453,0.0,37
plain,2.2000021999701858e-06,2.3799999326001853e-05,1680,1680,1.0,plain weighted averaging,10,0,0.0,15,fedavg,plain,0.17694010935149113,0.0,37
plain,2.2000021999701858e-06,4.1399995097890496e-05,1680,1680,1.0,plain weighted averaging,10,0,0.0,16,fedavg,plain,0.17522984987482348,0.0,37
plain,4.699999408330768e-06,5.4600001021753997e-05,1680,1680,1.0,plain weighted averaging,10,0,0.0,17,fedavg,plain,0.1736621669598622,0.0,37
plain,4.6000059228390455e-06,4.9100002797786146e-05,1680,1680,1.0,plain weighted averaging,10,0,0.0,18,fedavg,plain,0.1722192074075925,0.0,37
plain,2.1000014385208488e-06,2.769999991869554e-05,1680,1680,1.0,plain weighted averaging,10,0,0.0,19,fedavg,plain,0.17088620188846498,0.0,37
plain,2.1000014385208488e-06,2.510000194888562e-05,1680,1680,1.0,plain weighted averaging,10,0,0.0,20,fedavg,plain,0.16965078042880374,0.0,37
plain,2.1000014385208488e-06,2.469999890308827e-05,1680,1680,1.0,plain weighted averaging,10,0,0.0,21,fedavg,plain,0.1685024711127153,0.0,37
plain,1.7999991541728377e-06,2.1599997126031667e-05,1680,1680,1.0,plain weighted averaging,10,0,0.0,22,fedavg,plain,0.16743232577683492,0.0,37
plain,2.0000006770715117e-06,4.53000029665418e-05,1680,1680,1.0,plain weighted averaging,10,0,0.0,23,fedavg,plain,0.16643263558507554,0.0,37
plain,1.600004907231778e-06,1.889999839477241e-05,1680,1680,1.0,plain weighted averaging,10,0,0.0,24,fedavg,plain,0.1654967114411498,0.0,37
plain,2.1000014385208488e-06,2.42000023717992e-05,1680,1680,1.0,plain weighted averaging,10,0,0.0,25,fedavg,plain,0.1646187119993346,0.0,37
plain,2.2999956854619086e-06,2.4100001610349864e-05,1680,1680,1.0,plain weighted averaging,10,0,0.0,26,fedavg,plain,0.16379350718488295,0.0,37
plain,1.7999991541728377e-06,2.319999475730583e-05,1680,1680,1.0,plain weighted averaging,10,0,0.0,27,fedavg,plain,0.16301656860189057,0.0,37
plain,1.6999983927235007e-06,2.0700004824902862e-05,1680,1680,1.0,plain weighted averaging,10,0,0.0,28,fedavg,plain,0.16228388058089482,0.0,37
plain,4.3000036384910345e-06,5.1200004236306995e-05,1680,1680,1.0,plain weighted averaging,10,0,0.0,29,fedavg,plain,0.16159186727192656,0.0,37
plain,1.7999991541728377e-06,2.2400003217626363e-05,1680,1680,1.0,plain weighted averaging,10,0,0.0,30,fedavg,plain,0.1609373323578545,0.0,37
plain,1.3999961083754897e-06,1.6400001186411828e-05,1680,1680,1.0,plain weighted averaging,10,0,0.0,31,fedavg,plain,0.16031740880146134,0.0,37
plain,1.3000026228837669e-06,1.5799996617715806e-05,1680,1680,1.0,plain weighted averaging,10,0,0.0,32,fedavg,plain,0.15972951664935925,0.0,37
plain,1.4999968698248267e-06,2.2899999748915434e-05,1680,1680,1.0,plain weighted averaging,10,0,0.0,33,fedavg,plain,0.15917132736474746,0.0,37
plain,1.3000026228837669e-06,1.679999695625156e-05,1680,1680,1.0,plain weighted averaging,10,0,0.0,34,fedavg,plain,0.15864073349550395,0.0,37
plain,2.0000006770715117e-06,2.3399996280204505e-05,1680,1680,1.0,plain weighted averaging,10,0,0.0,35,fedavg,plain,0.1581358227361856,0.0,37
plain,1.7999991541728377e-06,2.1400002879090607e-05,1680,1680,1.0,plain weighted averaging,10,0,0.0,36,fedavg,plain,0.15765485563451528,0.0,37
plain,1.8999999156221747e-06,2.1699997887481004e-05,1680,1680,1.0,plain weighted averaging,10,0,0.0,37,fedavg,plain,0.15719624634067222,0.0,37
plain,1.800006430130452e-06,2.2100000933278352e-05,1680,1680,1.0,plain weighted averaging,10,0,0.0,38,fedavg,plain,0.15675854591245605,0.0,37
plain,1.5999976312741637e-06,1.870000414783135e-05,1680,1680,1.0,plain weighted averaging,10,0,0.0,39,fedavg,plain,0.15634042777933832,0.0,37
plain,2.1000014385208488e-06,2.3200002033263445e-05,1680,1680,1.0,plain weighted averaging,10,0,0.0,40,fedavg,plain,0.15594067503950773,0.0,37
plain,4.800000169780105e-06,5.559999408433214e-05,1680,1680,1.0,plain weighted averaging,10,0,0.0,1,fedprox,plain,0.31624786107183,0.0,37
plain,3.9000005926936865e-06,4.489999992074445e-05,1680,1680,1.0,plain weighted averaging,10,0,0.0,2,fedprox,plain,0.2607379743633402,0.0,37
plain,2.2000021999701858e-06,2.6900001103058457e-05,1680,1680,1.0,plain weighted averaging,10,0,0.0,3,fedprox,plain,0.23677552369612834,0.0,37
plain,2.9999937396496534e-06,2.460000541759655e-05,1680,1680,1.0,plain weighted averaging,10,0,0.0,4,fedprox,plain,0.2227712759221812,0.0,37
plain,2.1000014385208488e-06,2.160000440198928e-05,1680,1680,1.0,plain weighted averaging,10,0,0.0,5,fedprox,plain,0.21324817150182912,0.0,37
plain,1.7999991541728377e-06,2.130000211764127e-05,1680,1680,1.0,plain weighted averaging,10,0,0.0,6,fedprox,plain,0.20616446395829371,0.0,37
plain,1.7999991541728377e-06,2.2499996703118086e-05,1680,1680,1.0,plain weighted averaging,10,0,0.0,7,fedprox,plain,0.20058171048020684,0.0,37
plain,2.1000014385208488e-06,2.59000007645227e-05,1680,1680,1.0,plain weighted averaging,10,0,0.0,8,fedprox,plain,0.1960048783856939,0.0,37
plain,2.4000037228688598e-06,2.3100001271814108e-05,1680,1680,1.0,plain weighted averaging,10,0,0.0,9,fedprox,plain,0.19214579193081888,0.0,37
plain,1.7999991541728377e-06,2.0499996026046574e-05,1680,1680,1.0,plain weighted averaging,10,0,0.0,10,fedprox,plain,0.18882373221081047,0.0,37
plain,1.5999976312741637e-06,2.099999983329326e-05,1680,1680,1.0,plain weighted averaging,10,0,0.0,11,fedprox,plain,0.18591855577314237,0.0,37
plain,2.6999987312592566e-06,2.8299997211433947e-05,1680,1680,1.0,plain weighted averaging,10,0,0.0,12,fedprox,plain,0.18334654408090723,0.0,37
plain,2.4000037228688598e-06,2.7800000680144876e-05,1680,1680,1.0,plain weighted averaging,10,0,0.0,13,fedprox,plain,0.18104706261858752,0.0,37
plain,2.4999972083605826e-06,2.630000381032005e-05,1680,1680,1.0,plain weighted averaging,10,0,0.0,14,fedprox,plain,0.17897476017876307,0.0,37
plain,2.5000044843181968e-06,2.239999594166875e-05,1680,1680,1.0,plain weighted averaging,10,0,0.0,15,fedprox,plain,0.17709478646005522,0.0,37
plain,1.8999999156221747e-06,2.2299995180219412e-05,1680,1680,1.0,plain weighted averaging,10,0,0.0,16,fedprox,plain,0.17537973986974903,0.0,37
plain,2.2000021999701858e-06,2.479999966453761e-05,1680,1680,1.0,plain weighted averaging,10,0,0.0,17,fedprox,plain,0.17380765084000502,0.0,37
plain,2.0000006770715117e-06,2.269999822601676e-05,1680,1680,1.0,plain weighted averaging,10,0,0.0,18,fedprox,plain,0.1723606083176468,0.0,37
plain,2.0000006770715117e-06,2.1899999410379678e-05,1680,1680,1.0,plain weighted averaging,10,0,0.0,19,fedprox,plain,0.17102379888088004,0.0,37
plain,1.5999976312741637e-06,2.220000169472769e-05,1680,1680,1.0,plain weighted averaging,10,0,0.0,20,fedprox,plain,0.16978481825096708,0.0,37
plain,1.7999991541728377e-06,2.1399995603132993e-05,1680,1680,1.0,plain weighted averaging,10,0,0.0,21,fedprox,plain,0.16863316727070388,0.0,37
plain,1.9999934011138976e-06,2.3200002033263445e-05,1680,1680,1.0,plain weighted averaging,10,0,0.0,22,fedprox,plain,0.16755987570788758,0.0,37
plain,1.9999934011138976e-06,2.1899999410379678e-05,1680,1680,1.0,plain weighted averaging,10,0,0.0,23,fedprox,plain,0.16655721650095168,0.0,37
plain,1.700005668681115e-06,2.099999983329326e-05,1680,1680,1.0,plain weighted averaging,10,0,0.0,24,fedprox,plain,0.1656184852272739,0.0,37
plain,2.1000014385208488e-06,2.5999994250014424e-05,1680,1680,1.0,plain weighted averaging,10,0,0.0,25,fedprox,plain,0.16473782743631635,0.0,37
plain,2.0000006770715117e-06,2.559999848017469e-05,1680,1680,1.0,plain weighted averaging,10,0,0.0,26,fedprox,plain,0.16391010167891865,0.0,37
plain,5.000001692678779e-06,5.7799996284302324e-05,1680,1680,1.0,plain weighted averaging,10,0,0.0,27,fedprox,plain,0.16313076955567973,0.0,37
plain,2.2999956854619086e-06,2.42000023717992e-05,1680,1680,1.0,plain weighted averaging,10,0,0.0,28,fedprox,plain,0.16239580649871693,0.0,37
plain,4.2000028770416975e-06,5.129999772179872e-05,1680,1680,1.0,plain weighted averaging,10,0,0.0,29,fedprox,plain,0.16170162866598098,0.0,37
plain,4.2000028770416975e-06,4.86999997519888e-05,1680,1680,1.0,plain weighted averaging,10,0,0.0,30,fedprox,plain,0.16104503250428132,0.0,37
plain,2.7999994927085936e-06,3.529999958118424e-05,1680,1680,1.0,plain weighted averaging,10,0,0.0,31,fedprox,plain,0.1604231443812098,0.0,37
plain,2.0000006770715117e-06,2.479999966453761e-05,1680,1680,1.0,plain weighted averaging,10,0,0.0,32,fedprox,plain,0.1598333782996224,0.0,37
plain,1.3000026228837669e-06,1.630000042496249e-05,1680,1680,1.0,plain weighted averaging,10,0,0.0,33,fedprox,plain,0.159273400159903,0.0,37
plain,1.3000026228837669e-06,1.479999627918005e-05,1680,1680,1.0,plain weighted averaging,10,0,0.0,34,fedprox,plain,0.15874109737161757,0.0,37
plain,1.7999991541728377e-06,2.3699998564552516e-05,1680,1680,1.0,plain weighted averaging,10,0,0.0,35,fedprox,plain,0.15823455286959445,0.0,37
plain,1.8999999156221747e-06,2.3300002794712782e-05,1680,1680,1.0,plain weighted averaging,10,0,0.0,36,fedprox,plain,0.157752022782437,0.0,37
plain,1.6999983927235007e-06,2.0300001779105514e-05,1680,1680,1.0,plain weighted averaging,10,0,0.0,37,fedprox,plain,0.15729191714990348,0.0,37
plain,1.6999983927235007e-06,2.0200001017656177e-05,1680,1680,1.0,plain weighted averaging,10,0,0.0,38,fedprox,plain,0.15685278320084503,0.0,37
plain,1.4999968698248267e-06,1.9700004486367106e-05,1680,1680,1.0,plain weighted averaging,10,0,0.0,39,fedprox,plain,0.15643329079369533,0.0,37
plain,2.0000006770715117e-06,2.4400003894697875e-05,1680,1680,1.0,plain weighted averaging,10,0,0.0,40,fedprox,plain,0.15603221969286368,0.0,37
secureagg_sim,0.0008961999992607161,1.1199997970834374e-05,1680,3360,2.0,pairwise-mask and dropout-reconstruction arithmetic simulation; no network or collusion proof,10,0,2.192690473634684e-15,1,fedavg,secureagg_sim,0.3152494037054872,0.0,37
secureagg_sim,0.0008422999962931499,9.999996109399945e-06,1680,3360,2.0,pairwise-mask and dropout-reconstruction arithmetic simulation; no network or collusion proof,10,0,2.697495005143935e-15,2,fedavg,secureagg_sim,0.26015935854519606,0.0,37
secureagg_sim,0.0008289000033983029,9.60000033956021e-06,1680,3360,2.0,pairwise-mask and dropout-reconstruction arithmetic simulation; no network or collusion proof,10,0,2.6124935548210715e-15,3,fedavg,secureagg_sim,0.23636178278630618,0.0,37
secureagg_sim,0.002246999996714294,2.8700000257231295e-05,1680,3360,2.0,pairwise-mask and dropout-reconstruction arithmetic simulation; no network or collusion proof,10,0,1.998835125194276e-15,4,fedavg,secureagg_sim,0.22244062798833478,0.0,37
secureagg_sim,0.0004973999966750853,8.499999239575118e-06,1680,3360,2.0,pairwise-mask and dropout-reconstruction arithmetic simulation; no network or collusion proof,10,0,2.2139408362154e-15,5,fedavg,secureagg_sim,0.21296624821023538,0.0,37
secureagg_sim,0.0008888000011211261,1.1500000255182385e-05,1680,3360,2.0,pairwise-mask and dropout-reconstruction arithmetic simulation; no network or collusion proof,10,0,1.785897818518123e-15,6,fedavg,secureagg_sim,0.20591419452632254,0.0,37
secureagg_sim,0.0008444999984931201,1.1699994502123445e-05,1680,3360,2.0,pairwise-mask and dropout-reconstruction arithmetic simulation; no network or collusion proof,10,0,3.2664843052643278e-15,7,fedavg,secureagg_sim,0.2003536172824821,0.0,37
secureagg_sim,0.0008667000001878478,1.2700002116616815e-05,1680,3360,2.0,pairwise-mask and dropout-reconstruction arithmetic simulation; no network or collusion proof,10,0,3.9731672812903795e-15,8,fedavg,secureagg_sim,0.195793262138232,0.0,37
secureagg_sim,0.0008317000028910115,1.2600001355167478e-05,1680,3360,2.0,pairwise-mask and dropout-reconstruction arithmetic simulation; no network or collusion proof,10,0,3.9343528435153985e-15,9,fedavg,secureagg_sim,0.19194701088380237,0.0,37
secureagg_sim,0.0008286000011139549,9.099996532313526e-06,1680,3360,2.0,pairwise-mask and dropout-reconstruction arithmetic simulation; no network or collusion proof,10,0,3.7496047933238685e-15,10,fedavg,secureagg_sim,0.1886353433061729,0.0,37
secureagg_sim,0.0008222000033129007,9.800001862458885e-06,1680,3360,2.0,pairwise-mask and dropout-reconstruction arithmetic simulation; no network or collusion proof,10,0,3.7175124090182976e-15,11,fedavg,secureagg_sim,0.18573885167270632,0.0,37
secureagg_sim,0.0008839000001898967,1.3199998647905886e-05,1680,3360,2.0,pairwise-mask and dropout-reconstruction arithmetic simulation; no network or collusion proof,10,0,2.3631270551494055e-15,12,fedavg,secureagg_sim,0.18317428813152703,0.0,37
secureagg_sim,0.002318300001206808,3.3200005418621004e-05,1680,3360,2.0,pairwise-mask and dropout-reconstruction arithmetic simulation; no network or collusion proof,10,0,3.1259717037102064e-15,13,fedavg,secureagg_sim,0.1808813297118726,0.0,37
secureagg_sim,0.0021385000000009313,2.6100002287421376e-05,1680,3360,2.0,pairwise-mask and dropout-reconstruction arithmetic simulation; no network or collusion proof,10,0,2.9976021664879227e-15,14,fedavg,secureagg_sim,0.17881483745029508,0.0,37
secureagg_sim,0.0008518000031472184,1.2799995602108538e-05,1680,3360,2.0,pairwise-mask and dropout-reconstruction arithmetic simulation; no network or collusion proof,10,0,2.7474767252955168e-15,15,fedavg,secureagg_sim,0.17694010935149168,0.0,37
secureagg_sim,0.0015364999999292195,2.729999687289819e-05,1680,3360,2.0,pairwise-mask and dropout-reconstruction arithmetic simulation; no network or collusion proof,10,0,3.944869604588508e-15,16,fedavg,secureagg_sim,0.17522984987482412,0.0,37
secureagg_sim,0.001266700004634913,2.8100002964492887e-05,1680,3360,2.0,pairwise-mask and dropout-reconstruction arithmetic simulation; no network or collusion proof,10,0,2.230854390106174e-15,17,fedavg,secureagg_sim,0.17366216695986286,0.0,37
secureagg_sim,0.0008334999947692268,1.1600001016631722e-05,1680,3360,2.0,pairwise-mask and dropout-reconstruction arithmetic simulation; no network or collusion proof,10,0,2.9406815524324337e-15,18,fedavg,secureagg_sim,0.1722192074075933,0.0,37
secureagg_sim,0.0009387999962200411,1.0600000678095967e-05,1680,3360,2.0,pairwise-mask and dropout-reconstruction arithmetic simulation; no network or collusion proof,10,0,2.8445128197329694e-15,19,fedavg,secureagg_sim,0.17088620188846576,0.0,37
secureagg_sim,0.0014138000042294152,1.8300001102034003e-05,1680,3360,2.0,pairwise-mask and dropout-reconstruction arithmetic simulation; no network or collusion proof,10,0,2.0970638420214627e-15,20,fedavg,secureagg_sim,0.16965078042880455,0.0,37
secureagg_sim,0.0021488999991561286,2.6500005333218724e-05,1680,3360,2.0,pairwise-mask and dropout-reconstruction arithmetic simulation; no network or collusion proof,10,0,3.492432038010307e-15,21,fedavg,secureagg_sim,0.16850247111271616,0.0,37
secureagg_sim,0.0021793999985675327,3.029999788850546e-05,1680,3360,2.0,pairwise-mask and dropout-reconstruction arithmetic simulation; no network or collusion proof,10,0,3.3150565625916784e-15,22,fedavg,secureagg_sim,0.1674323257768357,0.0,37
secureagg_sim,0.0021854000005987473,2.529999619582668e-05,1680,3360,2.0,pairwise-mask and dropout-reconstruction arithmetic simulation; no network or collusion proof,10,0,2.657704785413717e-15,23,fedavg,secureagg_sim,0.1664326355850764,0.0,37
secureagg_sim,0.002188300000852905,2.6699999580159783e-05,1680,3360,2.0,pairwise-mask and dropout-reconstruction arithmetic simulation; no network or collusion proof,10,0,1.8908485888147197e-15,24,fedavg,secureagg_sim,0.16549671144115058,0.0,37
secureagg_sim,0.0022879999960423447,2.819999644998461e-05,1680,3360,2.0,pairwise-mask and dropout-reconstruction arithmetic simulation; no network or collusion proof,10,0,2.854053798850842e-15,25,fedavg,secureagg_sim,0.16461871199933537,0.0,37
secureagg_sim,0.0021739999938290566,2.59000007645227e-05,1680,3360,2.0,pairwise-mask and dropout-reconstruction arithmetic simulation; no network or collusion proof,10,0,2.2905939298101252e-15,26,fedavg,secureagg_sim,0.16379350718488375,0.0,37
secureagg_sim,0.002012100005231332,2.2600004740525037e-05,1680,3360,2.0,pairwise-mask and dropout-reconstruction arithmetic simulation; no network or collusion proof,10,0,2.0539125955565396e-15,27,fedavg,secureagg_sim,0.16301656860189134,0.0,37
secureagg_sim,0.0010207000013906509,9.300005331169814e-06,1680,3360,2.0,pairwise-mask and dropout-reconstruction arithmetic simulation; no network or collusion proof,10,0,2.6216008530699497e-15,28,fedavg,secureagg_sim,0.16228388058089557,0.0,37
secureagg_sim,0.0008109999980661087,9.700001101009548e-06,1680,3360,2.0,pairwise-mask and dropout-reconstruction arithmetic simulation; no network or collusion proof,10,0,3.165870343657673e-15,29,fedavg,secureagg_sim,0.16159186727192726,0.0,37
secureagg_sim,0.00082230000407435,1.0400006431154907e-05,1680,3360,2.0,pairwise-mask and dropout-reconstruction arithmetic simulation; no network or collusion proof,10,0,4.714436306618719e-15,30,fedavg,secureagg_sim,0.16093733235785526,0.0,37
secureagg_sim,0.000851400000101421,1.2899996363557875e-05,1680,3360,2.0,pairwise-mask and dropout-reconstruction arithmetic simulation; no network or collusion proof,10,0,3.816391647148976e-15,31,fedavg,secureagg_sim,0.16031740880146203,0.0,37
secureagg_sim,0.0009393000000272878,1.2700002116616815e-05,1680,3360,2.0,pairwise-mask and dropout-reconstruction arithmetic simulation; no network or collusion proof,10,0,1.824929096727601e-15,32,fedavg,secureagg_sim,0.15972951664936008,0.0,37
secureagg_sim,0.0008664999986649491,1.0700001439545304e-05,1680,3360,2.0,pairwise-mask and dropout-reconstruction arithmetic simulation; no network or collusion proof,10,0,2.9455604622086184e-15,33,fedavg,secureagg_sim,0.15917132736474823,0.0,37
secureagg_sim,0.0015189000041573308,1.4200006262399256e-05,1680,3360,2.0,pairwise-mask and dropout-reconstruction arithmetic simulation; no network or collusion proof,10,0,2.3168316223842744e-15,34,fedavg,secureagg_sim,0.15864073349550478,0.0,37
secureagg_sim,0.0014642999958596192,1.1199997970834374e-05,1680,3360,2.0,pairwise-mask and dropout-reconstruction arithmetic simulation; no network or collusion proof,10,0,2.285606599816692e-15,35,fedavg,secureagg_sim,0.15813582273618637,0.0,37
secureagg_sim,0.0013439999966067262,1.8999999156221747e-05,1680,3360,2.0,pairwise-mask and dropout-reconstruction arithmetic simulation; no network or collusion proof,10,0,2.5712938722666223e-15,36,fedavg,secureagg_sim,0.15765485563451603,0.0,37
secureagg_sim,0.001022799995553214,1.309999788645655e-05,1680,3360,2.0,pairwise-mask and dropout-reconstruction arithmetic simulation; no network or collusion proof,10,0,2.0747292772682613e-15,37,fedavg,secureagg_sim,0.15719624634067297,0.0,37
secureagg_sim,0.0008119999984046444,9.60000033956021e-06,1680,3360,2.0,pairwise-mask and dropout-reconstruction arithmetic simulation; no network or collusion proof,10,0,3.9258960665700116e-15,38,fedavg,secureagg_sim,0.1567585459124569,0.0,37
secureagg_sim,0.0007967000055941753,9.099996532313526e-06,1680,3360,2.0,pairwise-mask and dropout-reconstruction arithmetic simulation; no network or collusion proof,10,0,2.34708086299662e-15,39,fedavg,secureagg_sim,0.15634042777933913,0.0,37
secureagg_sim,0.0008548000041628256,1.1000003723893315e-05,1680,3360,2.0,pairwise-mask and dropout-reconstruction arithmetic simulation; no network or collusion proof,10,0,2.4415148722201074e-15,40,fedavg,secureagg_sim,0.15594067503950854,0.0,37
quantized_transport_proxy,0.00011190000077476725,2.8400005248840898e-05,1680,26880,16.0,quantized transport accounting proxy; not homomorphic encryption,10,0,0.0,1,fedavg,quantized_transport_proxy,0.3152494037054872,0.0,37
quantized_transport_proxy,9.760000102687627e-05,2.5499997718725353e-05,1680,26880,16.0,quantized transport accounting proxy; not homomorphic encryption,10,0,0.0,2,fedavg,quantized_transport_proxy,0.260159381458762,0.0,37
quantized_transport_proxy,0.0001109000004362315,2.5200002710334957e-05,1680,26880,16.0,quantized transport accounting proxy; not homomorphic encryption,10,0,0.0,3,fedavg,quantized_transport_proxy,0.23636177117077767,0.0,37
quantized_transport_proxy,0.00010710000060498714,4.86999997519888e-05,1680,26880,16.0,quantized transport accounting proxy; not homomorphic encryption,10,0,0.0,4,fedavg,quantized_transport_proxy,0.22244060685668474,0.0,37
quantized_transport_proxy,0.00013059999764664099,3.210000431863591e-05,1680,26880,16.0,quantized transport accounting proxy; not homomorphic encryption,10,0,0.0,5,fedavg,quantized_transport_proxy,0.21296621309944666,0.0,37
quantized_transport_proxy,9.899999713525176e-05,3.380000271135941e-05,1680,26880,16.0,quantized transport accounting proxy; not homomorphic encryption,10,0,0.0,6,fedavg,quantized_transport_proxy,0.2059141823024273,0.0,37
quantized_transport_proxy,9.660000068834051e-05,2.4499997380189598e-05,1680,26880,16.0,quantized transport accounting proxy; not homomorphic encryption,10,0,0.0,7,fedavg,quantized_transport_proxy,0.200353598858204,0.0,37
quantized_transport_proxy,9.529999806545675e-05,2.510000194888562e-05,1680,26880,16.0,quantized transport accounting proxy; not homomorphic encryption,10,0,0.0,8,fedavg,quantized_transport_proxy,0.19579325294589395,0.0,37
quantized_transport_proxy,0.00010000000474974513,2.6399997295811772e-05,1680,26880,16.0,quantized transport accounting proxy; not homomorphic encryption,10,0,0.0,9,fedavg,quantized_transport_proxy,0.1919469898123517,0.0,37
quantized_transport_proxy,9.310000314144418e-05,2.3399996280204505e-05,1680,26880,16.0,quantized transport accounting proxy; not homomorphic encryption,10,0,0.0,10,fedavg,quantized_transport_proxy,0.1886353269441491,0.0,37
quantized_transport_proxy,0.00010279999696649611,2.5300003471784294e-05,1680,26880,16.0,quantized transport accounting proxy; not homomorphic encryption,10,0,0.0,11,fedavg,quantized_transport_proxy,0.18573883798672466,0.0,37
quantized_transport_proxy,0.00019639999663922936,4.479999915929511e-05,1680,26880,16.0,quantized transport accounting proxy; not homomorphic encryption,10,0,0.0,12,fedavg,quantized_transport_proxy,0.18317428603886518,0.0,37
quantized_transport_proxy,0.00018350000027567148,4.53000029665418e-05,1680,26880,16.0,quantized transport accounting proxy; not homomorphic encryption,10,0,0.0,13,fedavg,quantized_transport_proxy,0.18088131160319246,0.0,37
quantized_transport_proxy,0.00020049999875482172,4.909999552182853e-05,1680,26880,16.0,quantized transport accounting proxy; not homomorphic encryption,10,0,0.0,14,fedavg,quantized_transport_proxy,0.17881482561136364,0.0,37
quantized_transport_proxy,0.00021399999968707561,4.7900000936351717e-05,1680,26880,16.0,quantized transport accounting proxy; not homomorphic encryption,10,0,0.0,15,fedavg,quantized_transport_proxy,0.17694009061135008,0.0,37
quantized_transport_proxy,0.00010769999789772555,2.8399997972883284e-05,1680,26880,16.0,quantized transport accounting proxy; not homomorphic encryption,10,0,0.0,16,fedavg,quantized_transport_proxy,0.17522983189365907,0.0,37
quantized_transport_proxy,9.950000094249845e-05,2.5800000003073364e-05,1680,26880,16.0,quantized transport accounting proxy; not homomorphic encryption,10,0,0.0,17,fedavg,quantized_transport_proxy,0.17366213936335084,0.0,37
quantized_transport_proxy,0.00011350000568199903,2.5399996957276016e-05,1680,26880,16.0,quantized transport accounting proxy; not homomorphic encryption,10,0,0.0,18,fedavg,quantized_transport_proxy,0.1722191804277498,0.0,37
quantized_transport_proxy,0.0001173999989987351,2.7499998395796865e-05,1680,26880,16.0,quantized transport accounting proxy; not homomorphic encryption,10,0,0.0,19,fedavg,quantized_transport_proxy,0.17088618189028154,0.0,37
quantized_transport_proxy,0.00011480000102892518,2.5300003471784294e-05,1680,26880,16.0,quantized transport accounting proxy; not homomorphic encryption,10,0,0.0,20,fedavg,quantized_transport_proxy,0.1696507697888436,0.0,37
quantized_transport_proxy,0.00010620000102790073,4.630000330507755e-05,1680,26880,16.0,quantized transport accounting proxy; not homomorphic encryption,10,0,0.0,21,fedavg,quantized_transport_proxy,0.16850244884568405,0.0,37
quantized_transport_proxy,9.600000339560211e-05,2.359999780310318e-05,1680,26880,16.0,quantized transport accounting proxy; not homomorphic encryption,10,0,0.0,22,fedavg,quantized_transport_proxy,0.16743230891046898,0.0,37
quantized_transport_proxy,0.00010040000051958486,2.3099993995856494e-05,1680,26880,16.0,quantized transport accounting proxy; not homomorphic encryption,10,0,0.0,23,fedavg,quantized_transport_proxy,0.1664326147320724,0.0,37
quantized_transport_proxy,6.740000389982015e-05,1.9899998733308166e-05,1680,26880,16.0,quantized transport accounting proxy; not homomorphic encryption,10,0,0.0,24,fedavg,quantized_transport_proxy,0.1654967015094877,0.0,37
quantized_transport_proxy,0.00010570000449661165,2.849999873433262e-05,1680,26880,16.0,quantized transport accounting proxy; not homomorphic encryption,10,0,0.0,25,fedavg,quantized_transport_proxy,0.16461870832058417,0.0,37
quantized_transport_proxy,0.00010620000102790073,2.559999848017469e-05,1680,26880,16.0,quantized transport accounting proxy; not homomorphic encryption,10,0,0.0,26,fedavg,quantized_transport_proxy,0.16379349855187025,0.0,37
quantized_transport_proxy,9.819999831961468e-05,2.540000423323363e-05,1680,26880,16.0,quantized transport accounting proxy; not homomorphic encryption,10,0,0.0,27,fedavg,quantized_transport_proxy,0.16301656685072272,0.0,37
quantized_transport_proxy,9.959999442799017e-05,2.5300003471784294e-05,1680,26880,16.0,quantized transport accounting proxy; not homomorphic encryption,10,0,0.0,28,fedavg,quantized_transport_proxy,0.16228388417404685,0.0,37
quantized_transport_proxy,9.609999688109383e-05,2.5200002710334957e-05,1680,26880,16.0,quantized transport accounting proxy; not homomorphic encryption,10,0,0.0,29,fedavg,quantized_transport_proxy,0.16159188056055535,0.0,37
quantized_transport_proxy,9.529999806545675e-05,2.3200002033263445e-05,1680,26880,16.0,quantized transport accounting proxy; not homomorphic encryption,10,0,0.0,30,fedavg,quantized_transport_proxy,0.16093732846469858,0.0,37
quantized_transport_proxy,9.509999654255807e-05,2.3500004317611456e-05,1680,26880,16.0,quantized transport accounting proxy; not homomorphic encryption,10,0,0.0,31,fedavg,quantized_transport_proxy,0.1603174094900662,0.0,37
quantized_transport_proxy,6.970000686123967e-05,1.9700004486367106e-05,1680,26880,16.0,quantized transport accounting proxy; not homomorphic encryption,10,0,0.0,32,fedavg,quantized_transport_proxy,0.15972952425578885,0.0,37
quantized_transport_proxy,6.749999738531187e-05,1.9800005247816443e-05,1680,26880,16.0,quantized transport accounting proxy; not homomorphic encryption,10,0,0.0,33,fedavg,quantized_transport_proxy,0.15917132924245908,0.0,37
quantized_transport_proxy,6.370000483002514e-05,1.829999382607639e-05,1680,26880,16.0,quantized transport accounting proxy; not homomorphic encryption,10,0,0.0,34,fedavg,quantized_transport_proxy,0.1586407337855224,0.0,37
quantized_transport_proxy,0.00011980000272160396,2.729999687289819e-05,1680,26880,16.0,quantized transport accounting proxy; not homomorphic encryption,10,0,0.0,35,fedavg,quantized_transport_proxy,0.158135821808023,0.0,37
quantized_transport_proxy,9.549999958835542e-05,2.4100001610349864e-05,1680,26880,16.0,quantized transport accounting proxy; not homomorphic encryption,10,0,0.0,36,fedavg,quantized_transport_proxy,0.1576548451880738,0.0,37
quantized_transport_proxy,9.660000068834051e-05,2.529999619582668e-05,1680,26880,16.0,quantized transport accounting proxy; not homomorphic encryption,10,0,0.0,37,fedavg,quantized_transport_proxy,0.1571962379177118,0.0,37
quantized_transport_proxy,0.0002721999990171753,7.239999831654131e-05,1680,26880,16.0,quantized transport accounting proxy; not homomorphic encryption,10,0,0.0,38,fedavg,quantized_transport_proxy,0.15675854684375173,0.0,37
quantized_transport_proxy,0.00027240000054007396,6.19000056758523e-05,1680,26880,16.0,quantized transport accounting proxy; not homomorphic encryption,10,0,0.0,39,fedavg,quantized_transport_proxy,0.15634042493029546,0.0,37
quantized_transport_proxy,0.00010569999722065404,2.720000338740647e-05,1680,26880,16.0,quantized transport accounting proxy; not homomorphic encryption,10,0,0.0,40,fedavg,quantized_transport_proxy,0.1559406752276087,0.0,37
plain,2.1999949240125716e-06,2.4100001610349864e-05,1680,1680,1.0,plain weighted averaging,10,0,0.0,1,fedavgft_base,plain,0.3152494037054872,0.0,37
plain,1.6999983927235007e-06,2.059999678749591e-05,1680,1680,1.0,plain weighted averaging,10,0,0.0,2,fedavgft_base,plain,0.26015935854519573,0.0,37
plain,1.500004145782441e-06,2.0200001017656177e-05,1680,1680,1.0,plain weighted averaging,10,0,0.0,3,fedavgft_base,plain,0.23636178278630576,0.0,37
plain,1.400003384333104e-06,1.8999999156221747e-05,1680,1680,1.0,plain weighted averaging,10,0,0.0,4,fedavgft_base,plain,0.22244062798833414,0.0,37
plain,1.600004907231778e-06,1.9099999917671084e-05,1680,1680,1.0,plain weighted averaging,10,0,0.0,5,fedavgft_base,plain,0.2129662482102348,0.0,37
plain,1.5999976312741637e-06,1.920000067912042e-05,1680,1680,1.0,plain weighted averaging,10,0,0.0,6,fedavgft_base,plain,0.20591419452632193,0.0,37
plain,1.7999991541728377e-06,1.8500002624932677e-05,1680,1680,1.0,plain weighted averaging,10,0,0.0,7,fedavgft_base,plain,0.20035361728248152,0.0,37
plain,1.6999983927235007e-06,1.889999839477241e-05,1680,1680,1.0,plain weighted averaging,10,0,0.0,8,fedavgft_base,plain,0.19579326213823137,0.0,37
plain,1.3999961083754897e-06,1.8200000340584666e-05,1680,1680,1.0,plain weighted averaging,10,0,0.0,9,fedavgft_base,plain,0.1919470108838017,0.0,37
plain,1.5999976312741637e-06,1.920000067912042e-05,1680,1680,1.0,plain weighted averaging,10,0,0.0,10,fedavgft_base,plain,0.1886353433061722,0.0,37
plain,1.3999961083754897e-06,1.750000228639692e-05,1680,1680,1.0,plain weighted averaging,10,0,0.0,11,fedavgft_base,plain,0.1857388516727056,0.0,37
plain,1.600004907231778e-06,1.769999653333798e-05,1680,1680,1.0,plain weighted averaging,10,0,0.0,12,fedavgft_base,plain,0.18317428813152634,0.0,37
plain,1.5999976312741637e-06,1.809999957913533e-05,1680,1680,1.0,plain weighted averaging,10,0,0.0,13,fedavgft_base,plain,0.18088132971187199,0.0,37
plain,1.6999983927235007e-06,2.010000025620684e-05,1680,1680,1.0,plain weighted averaging,10,0,0.0,14,fedavgft_base,plain,0.17881483745029453,0.0,37
plain,1.400003384333104e-06,1.5000005078036338e-05,1680,1680,1.0,plain weighted averaging,10,0,0.0,15,fedavgft_base,plain,0.17694010935149113,0.0,37
plain,2.0000006770715117e-06,2.3200002033263445e-05,1680,1680,1.0,plain weighted averaging,10,0,0.0,16,fedavgft_base,plain,0.17522984987482348,0.0,37
plain,1.600004907231778e-06,1.7799997294787318e-05,1680,1680,1.0,plain weighted averaging,10,0,0.0,17,fedavgft_base,plain,0.1736621669598622,0.0,37
plain,1.6999983927235007e-06,2.1500003640539944e-05,1680,1680,1.0,plain weighted averaging,10,0,0.0,18,fedavgft_base,plain,0.1722192074075925,0.0,37
plain,2.1000014385208488e-06,2.2799998987466097e-05,1680,1680,1.0,plain weighted averaging,10,0,0.0,19,fedavgft_base,plain,0.17088620188846498,0.0,37
plain,1.400003384333104e-06,2.1599997126031667e-05,1680,1680,1.0,plain weighted averaging,10,0,0.0,20,fedavgft_base,plain,0.16965078042880374,0.0,37
plain,1.8999999156221747e-06,2.3300002794712782e-05,1680,1680,1.0,plain weighted averaging,10,0,0.0,21,fedavgft_base,plain,0.1685024711127153,0.0,37
plain,1.600004907231778e-06,2.1200001356191933e-05,1680,1680,1.0,plain weighted averaging,10,0,0.0,22,fedavgft_base,plain,0.16743232577683492,0.0,37
plain,1.7999991541728377e-06,1.9899998733308166e-05,1680,1680,1.0,plain weighted averaging,10,0,0.0,23,fedavgft_base,plain,0.16643263558507554,0.0,37
plain,1.6999983927235007e-06,1.8999999156221747e-05,1680,1680,1.0,plain weighted averaging,10,0,0.0,24,fedavgft_base,plain,0.1654967114411498,0.0,37
plain,1.4999968698248267e-06,1.799999881768599e-05,1680,1680,1.0,plain weighted averaging,10,0,0.0,25,fedavgft_base,plain,0.1646187119993346,0.0,37
plain,1.600004907231778e-06,1.7800004570744932e-05,1680,1680,1.0,plain weighted averaging,10,0,0.0,26,fedavgft_base,plain,0.16379350718488295,0.0,37
plain,1.4999968698248267e-06,1.8500002624932677e-05,1680,1680,1.0,plain weighted averaging,10,0,0.0,27,fedavgft_base,plain,0.16301656860189057,0.0,37
plain,1.8999999156221747e-06,1.8999999156221747e-05,1680,1680,1.0,plain weighted averaging,10,0,0.0,28,fedavgft_base,plain,0.16228388058089482,0.0,37
plain,1.8999999156221747e-06,2.2799998987466097e-05,1680,1680,1.0,plain weighted averaging,10,0,0.0,29,fedavgft_base,plain,0.16159186727192656,0.0,37
plain,4.699999408330768e-06,5.6700002460274845e-05,1680,1680,1.0,plain weighted averaging,10,0,0.0,30,fedavgft_base,plain,0.1609373323578545,0.0,37
plain,1.4999968698248267e-06,1.8500002624932677e-05,1680,1680,1.0,plain weighted averaging,10,0,0.0,31,fedavgft_base,plain,0.16031740880146134,0.0,37
plain,1.8999999156221747e-06,2.2100000933278352e-05,1680,1680,1.0,plain weighted averaging,10,0,0.0,32,fedavgft_base,plain,0.15972951664935925,0.0,37
plain,4.599998646881431e-06,5.2299998060334474e-05,1680,1680,1.0,plain weighted averaging,10,0,0.0,33,fedavgft_base,plain,0.15917132736474746,0.0,37
plain,4.2000028770416975e-06,3.989999822806567e-05,1680,1680,1.0,plain weighted averaging,10,0,0.0,34,fedavgft_base,plain,0.15864073349550395,0.0,37
plain,3.5999983083456755e-06,3.650000144261867e-05,1680,1680,1.0,plain weighted averaging,10,0,0.0,35,fedavgft_base,plain,0.1581358227361856,0.0,37
plain,1.6999983927235007e-06,1.720000000204891e-05,1680,1680,1.0,plain weighted averaging,10,0,0.0,36,fedavgft_base,plain,0.15765485563451528,0.0,37
plain,2.2000021999701858e-06,2.0899999071843922e-05,1680,1680,1.0,plain weighted averaging,10,0,0.0,37,fedavgft_base,plain,0.15719624634067222,0.0,37
plain,1.600004907231778e-06,1.9099999917671084e-05,1680,1680,1.0,plain weighted averaging,10,0,0.0,38,fedavgft_base,plain,0.15675854591245605,0.0,37
plain,1.600004907231778e-06,1.9699997210409492e-05,1680,1680,1.0,plain weighted averaging,10,0,0.0,39,fedavgft_base,plain,0.15634042777933832,0.0,37
plain,1.500004145782441e-06,1.9099999917671084e-05,1680,1680,1.0,plain weighted averaging,10,0,0.0,40,fedavgft_base,plain,0.15594067503950773,0.0,37
plain,2.1000014385208488e-06,2.2100000933278352e-05,1680,1680,1.0,plain weighted averaging,10,0,0.0,1,fedavg,plain,0.3285188369758,0.0,41
plain,2.2000021999701858e-06,2.0200001017656177e-05,1680,1680,1.0,plain weighted averaging,10,0,0.0,2,fedavg,plain,0.2703663210288402,0.0,41
plain,1.7999991541728377e-06,1.930000144056976e-05,1680,1680,1.0,plain weighted averaging,10,0,0.0,3,fedavg,plain,0.24748179551234806,0.0,41
plain,1.6999983927235007e-06,1.9099999917671084e-05,1680,1680,1.0,plain weighted averaging,10,0,0.0,4,fedavg,plain,0.2346850110325498,0.0,41
plain,1.600004907231778e-06,1.85999961104244e-05,1680,1680,1.0,plain weighted averaging,10,0,0.0,5,fedavg,plain,0.22621548826832144,0.0,41
plain,1.800006430130452e-06,2.1800005924887955e-05,1680,1680,1.0,plain weighted averaging,10,0,0.0,6,fedavg,plain,0.22001414279051063,0.0,41
plain,4.0000013541430235e-06,4.749999789055437e-05,1680,1680,1.0,plain weighted averaging,10,0,0.0,7,fedavg,plain,0.21516623672929786,0.0,41
plain,4.29999636253342e-06,5.370000144466758e-05,1680,1680,1.0,plain weighted averaging,10,0,0.0,8,fedavg,plain,0.2112038973005863,0.0,41
plain,1.600004907231778e-06,1.9800005247816443e-05,1680,1680,1.0,plain weighted averaging,10,0,0.0,9,fedavg,plain,0.2078623209850793,0.0,41
plain,1.6999983927235007e-06,1.9400002202019095e-05,1680,1680,1.0,plain weighted averaging,10,0,0.0,10,fedavg,plain,0.204979576107299,0.0,41
plain,1.6999983927235007e-06,1.9099999917671084e-05,1680,1680,1.0,plain weighted averaging,10,0,0.0,11,fedavg,plain,0.20245033715115196,0.0,41
plain,1.4999968698248267e-06,1.8900005670730025e-05,1680,1680,1.0,plain weighted averaging,10,0,0.0,12,fedavg,plain,0.20020254250686328,0.0,41
plain,1.6999983927235007e-06,1.889999839477241e-05,1680,1680,1.0,plain weighted averaging,10,0,0.0,13,fedavg,plain,0.19818476189077697,0.0,41
plain,2.9000002541579306e-06,3.779999678954482e-05,1680,1680,1.0,plain weighted averaging,10,0,0.0,14,fedavg,plain,0.196358956875619,0.0,41
plain,3.1000017770566046e-06,3.749999450519681e-05,1680,1680,1.0,plain weighted averaging,10,0,0.0,15,fedavg,plain,0.19469612850600657,0.0,41
plain,4.499997885432094e-06,5.560000136028975e-05,1680,1680,1.0,plain weighted averaging,10,0,0.0,16,fedavg,plain,0.1931735912878842,0.0,41
plain,1.5599995094817132e-05,2.4000000848900527e-05,1680,1680,1.0,plain weighted averaging,10,0,0.0,17,fedavg,plain,0.19177320389784774,0.0,41
plain,2.0999941625632346e-06,2.390000008745119e-05,1680,1680,1.0,plain weighted averaging,10,0,0.0,18,fedavg,plain,0.19048018411799186,0.0,41
plain,1.700005668681115e-06,2.099999983329326e-05,1680,1680,1.0,plain weighted averaging,10,0,0.0,19,fedavg,plain,0.18928229240438887,0.0,41
plain,1.7999991541728377e-06,2.0600004063453525e-05,1680,1680,1.0,plain weighted averaging,10,0,0.0,20,fedavg,plain,0.18816925491650122,0.0,41
plain,1.5999976312741637e-06,1.9999999494757503e-05,1680,1680,1.0,plain weighted averaging,10,0,0.0,21,fedavg,plain,0.18713234621697264,0.0,41
plain,1.4999968698248267e-06,1.9400002202019095e-05,1680,1680,1.0,plain weighted averaging,10,0,0.0,22,fedavg,plain,0.1861640809975793,0.0,41
plain,1.4999968698248267e-06,1.960000372491777e-05,1680,1680,1.0,plain weighted averaging,10,0,0.0,23,fedavg,plain,0.18525798189091422,0.0,41
plain,1.4999968698248267e-06,1.9400002202019095e-05,1680,1680,1.0,plain weighted averaging,10,0,0.0,24,fedavg,plain,0.18440840146056664,0.0,41
plain,1.600004907231778e-06,1.9899998733308166e-05,1680,1680,1.0,plain weighted averaging,10,0,0.0,25,fedavg,plain,0.1836103834996584,0.0,41
plain,1.500004145782441e-06,1.8799997633323073e-05,1680,1680,1.0,plain weighted averaging,10,0,0.0,26,fedavg,plain,0.18285955335145646,0.0,41
plain,2.0000006770715117e-06,2.220000169472769e-05,1680,1680,1.0,plain weighted averaging,10,0,0.0,27,fedavg,plain,0.18215203000984728,0.0,41
plain,1.7999991541728377e-06,2.02999945031479e-05,1680,1680,1.0,plain weighted averaging,10,0,0.0,28,fedavg,plain,0.18148435481538955,0.0,41
plain,1.5999976312741637e-06,1.930000144056976e-05,1680,1680,1.0,plain weighted averaging,10,0,0.0,29,fedavg,plain,0.18085343297726308,0.0,41
plain,1.4999968698248267e-06,1.930000144056976e-05,1680,1680,1.0,plain weighted averaging,10,0,0.0,30,fedavg,plain,0.18025648513913664,0.0,41
plain,1.8999999156221747e-06,2.3100001271814108e-05,1680,1680,1.0,plain weighted averaging,10,0,0.0,31,fedavg,plain,0.17969100690687714,0.0,41
plain,4.099994839634746e-06,2.2300002456177026e-05,1680,1680,1.0,plain weighted averaging,10,0,0.0,32,fedavg,plain,0.17915473475899868,0.0,41
plain,2.2000021999701858e-06,2.6100002287421376e-05,1680,1680,1.0,plain weighted averaging,10,0,0.0,33,fedavg,plain,0.1786456171270876,0.0,41
plain,4.0000013541430235e-06,3.599999763537198e-05,1680,1680,1.0,plain weighted averaging,10,0,0.0,34,fedavg,plain,0.17816178970369972,0.0,41
plain,1.8999999156221747e-06,1.979999797185883e-05,1680,1680,1.0,plain weighted averaging,10,0,0.0,35,fedavg,plain,0.17770155423707215,0.0,41
plain,1.7999991541728377e-06,1.790000533219427e-05,1680,1680,1.0,plain weighted averaging,10,0,0.0,36,fedavg,plain,0.17726336022452654,0.0,41
plain,1.4999968698248267e-06,1.6600002709310502e-05,1680,1680,1.0,plain weighted averaging,10,0,0.0,37,fedavg,plain,0.17684578903300566,0.0,41
plain,1.2000018614344299e-06,1.4899997040629387e-05,1680,1680,1.0,plain weighted averaging,10,0,0.0,38,fedavg,plain,0.1764475400652327,0.0,41
plain,1.0999938240274787e-06,1.460000203223899e-05,1680,1680,1.0,plain weighted averaging,10,0,0.0,39,fedavg,plain,0.1760674186602435,0.0,41
plain,1.4999968698248267e-06,1.8799997633323073e-05,1680,1680,1.0,plain weighted averaging,10,0,0.0,40,fedavg,plain,0.17570432547240447,0.0,41
plain,5.000001692678779e-06,5.490000330610201e-05,1680,1680,1.0,plain weighted averaging,10,0,0.0,1,fedprox,plain,0.32950750827357045,0.0,41
plain,2.9000002541579306e-06,2.849999873433262e-05,1680,1680,1.0,plain weighted averaging,10,0,0.0,2,fedprox,plain,0.27094495556893844,0.0,41
plain,1.9999934011138976e-06,2.4000000848900527e-05,1680,1680,1.0,plain weighted averaging,10,0,0.0,3,fedprox,plain,0.24788500826326515,0.0,41
plain,1.7999991541728377e-06,2.1200001356191933e-05,1680,1680,1.0,plain weighted averaging,10,0,0.0,4,fedprox,plain,0.23499980799921416,0.0,41
plain,1.4999968698248267e-06,2.0300001779105514e-05,1680,1680,1.0,plain weighted averaging,10,0,0.0,5,fedprox,plain,0.22647877569070718,0.0,41
plain,1.4999968698248267e-06,2.1899999410379678e-05,1680,1680,1.0,plain weighted averaging,10,0,0.0,6,fedprox,plain,0.22024435969644013,0.0,41
plain,4.499997885432094e-06,5.6599994422867894e-05,1680,1680,1.0,plain weighted averaging,10,0,0.0,7,fedprox,plain,0.21537365702407363,0.0,41
plain,4.3000036384910345e-06,5.2100003813393414e-05,1680,1680,1.0,plain weighted averaging,10,0,0.0,8,fedprox,plain,0.21139470467650537,0.0,41
plain,4.499997885432094e-06,5.099999543745071e-05,1680,1680,1.0,plain weighted averaging,10,0,0.0,9,fedprox,plain,0.2080404588475498,0.0,41
plain,2.9000002541579306e-06,3.719999949680641e-05,1680,1680,1.0,plain weighted averaging,10,0,0.0,10,fedprox,plain,0.2051476767425035,0.0,41
plain,2.1999949240125716e-06,3.980000474257395e-05,1680,1680,1.0,plain weighted averaging,10,0,0.0,11,fedprox,plain,0.20261022557781144,0.0,41
plain,1.6999983927235007e-06,2.010000025620684e-05,1680,1680,1.0,plain weighted averaging,10,0,0.0,12,fedprox,plain,0.2003555264364243,0.0,41
plain,1.600004907231778e-06,1.8999999156221747e-05,1680,1680,1.0,plain weighted averaging,10,0,0.0,13,fedprox,plain,0.19833180662574645,0.0,41
plain,2.1000014385208488e-06,2.4900000425986946e-05,1680,1680,1.0,plain weighted averaging,10,0,0.0,14,fedprox,plain,0.19650079485476316,0.0,41
plain,1.8999999156221747e-06,2.3299995518755168e-05,1680,1680,1.0,plain weighted averaging,10,0,0.0,15,fedprox,plain,0.1948333300464969,0.0,41
plain,2.4999972083605826e-06,2.540000423323363e-05,1680,1680,1.0,plain weighted averaging,10,0,0.0,16,fedprox,plain,0.1933066114318754,0.0,41
plain,2.4000037228688598e-06,2.6399997295811772e-05,1680,1680,1.0,plain weighted averaging,10,0,0.0,17,fedprox,plain,0.19190241409273484,0.0,41
plain,4.2000028770416975e-06,5.269999383017421e-05,1680,1680,1.0,plain weighted averaging,10,0,0.0,18,fedprox,plain,0.1906058940264296,0.0,41
plain,1.8999999156221747e-06,2.0399995264597237e-05,1680,1680,1.0,plain weighted averaging,10,0,0.0,19,fedprox,plain,0.18940476515524102,0.0,41
plain,1.500004145782441e-06,1.7499995010439306e-05,1680,1680,1.0,plain weighted averaging,10,0,0.0,20,fedprox,plain,0.18828871792026164,0.0,41
plain,1.2999953469261527e-06,1.550000160932541e-05,1680,1680,1.0,plain weighted averaging,10,0,0.0,21,fedprox,plain,0.18724899893718566,0.0,41
plain,1.3000026228837669e-06,1.5100005839485675e-05,1680,1680,1.0,plain weighted averaging,10,0,0.0,22,fedprox,plain,0.18627810060684083,0.0,41
plain,1.1999945854768157e-06,1.4500001270789653e-05,1680,1680,1.0,plain weighted averaging,10,0,0.0,23,fedprox,plain,0.18536952744067225,0.0,41
plain,1.2000018614344299e-06,1.4299999747890979e-05,1680,1680,1.0,plain weighted averaging,10,0,0.0,24,fedprox,plain,0.18451761699663302,0.0,41
plain,2.1000014385208488e-06,2.5200002710334957e-05,1680,1680,1.0,plain weighted averaging,10,0,0.0,25,fedprox,plain,0.18371740042315093,0.0,41
plain,2.2000021999701858e-06,3.029999788850546e-05,1680,1680,1.0,plain weighted averaging,10,0,0.0,26,fedprox,plain,0.18296449223508887,0.0,41
plain,2.2999956854619086e-06,2.3300002794712782e-05,1680,1680,1.0,plain weighted averaging,10,0,0.0,27,fedprox,plain,0.18225500201775408,0.0,41
plain,2.0000006770715117e-06,2.1399995603132993e-05,1680,1680,1.0,plain weighted averaging,10,0,0.0,28,fedprox,plain,0.18158546283181687,0.0,41
plain,1.7999991541728377e-06,2.040000254055485e-05,1680,1680,1.0,plain weighted averaging,10,0,0.0,29,fedprox,plain,0.18095277251945502,0.0,41
plain,2.2000021999701858e-06,2.2799998987466097e-05,1680,1680,1.0,plain weighted averaging,10,0,0.0,30,fedprox,plain,0.1803541451085927,0.0,41
plain,1.7999991541728377e-06,2.0699997548945248e-05,1680,1680,1.0,plain weighted averaging,10,0,0.0,31,fedprox,plain,0.1797870702181561,0.0,41
plain,1.4999968698248267e-06,2.2300002456177026e-05,1680,1680,1.0,plain weighted averaging,10,0,0.0,32,fedprox,plain,0.17924927887455114,0.0,41
plain,1.5999976312741637e-06,2.0600004063453525e-05,1680,1680,1.0,plain weighted averaging,10,0,0.0,33,fedprox,plain,0.17873871451894435,0.0,41
plain,1.4999968698248267e-06,1.960000372491777e-05,1680,1680,1.0,plain weighted averaging,10,0,0.0,34,fedprox,plain,0.17825350825734204,0.0,41
plain,1.500004145782441e-06,2.010000025620684e-05,1680,1680,1.0,plain weighted averaging,10,0,0.0,35,fedprox,plain,0.17779195760884453,0.0,41
plain,1.4999968698248267e-06,1.920000067912042e-05,1680,1680,1.0,plain weighted averaging,10,0,0.0,36,fedprox,plain,0.17735250816107978,0.0,41
plain,1.2000018614344299e-06,1.5199999324977398e-05,1680,1680,1.0,plain weighted averaging,10,0,0.0,37,fedprox,plain,0.17693373765917855,0.0,41
plain,2.1000014385208488e-06,2.2299995180219412e-05,1680,1680,1.0,plain weighted averaging,10,0,0.0,38,fedprox,plain,0.1765343421452594,0.0,41
plain,1.5999976312741637e-06,1.9500002963468432e-05,1680,1680,1.0,plain weighted averaging,10,0,0.0,39,fedprox,plain,0.17615312383606702,0.0,41
plain,1.400003384333104e-06,1.920000067912042e-05,1680,1680,1.0,plain weighted averaging,10,0,0.0,40,fedprox,plain,0.1757889804820591,0.0,41
secureagg_sim,0.000523900002008304,9.899995347950608e-06,1680,3360,2.0,pairwise-mask and dropout-reconstruction arithmetic simulation; no network or collusion proof,10,0,2.6645352591003757e-15,1,fedavg,secureagg_sim,0.3285188369758,0.0,41
secureagg_sim,0.0004664999942178838,7.90000194683671e-06,1680,3360,2.0,pairwise-mask and dropout-reconstruction arithmetic simulation; no network or collusion proof,10,0,2.7946395197986362e-15,2,fedavg,secureagg_sim,0.2703663210288402,0.0,41
secureagg_sim,0.0008601000008638948,1.4800003555137664e-05,1680,3360,2.0,pairwise-mask and dropout-reconstruction arithmetic simulation; no network or collusion proof,10,0,2.7096380694757727e-15,3,fedavg,secureagg_sim,0.24748179551234792,0.0,41
secureagg_sim,0.0008434000046690926,1.1299998732283711e-05,1680,3360,2.0,pairwise-mask and dropout-reconstruction arithmetic simulation; no network or collusion proof,10,0,2.373101715136272e-15,4,fedavg,secureagg_sim,0.23468501103254974,0.0,41
secureagg_sim,0.0008173999958671629,1.0600000678095967e-05,1680,3360,2.0,pairwise-mask and dropout-reconstruction arithmetic simulation; no network or collusion proof,10,0,2.8570895649338013e-15,5,fedavg,secureagg_sim,0.22621548826832155,0.0,41
secureagg_sim,0.000898499994946178,2.059999678749591e-05,1680,3360,2.0,pairwise-mask and dropout-reconstruction arithmetic simulation; no network or collusion proof,10,0,3.25434124093249e-15,6,fedavg,secureagg_sim,0.22001414279051076,0.0,41
secureagg_sim,0.0005082999996375293,8.299997716676444e-06,1680,3360,2.0,pairwise-mask and dropout-reconstruction arithmetic simulation; no network or collusion proof,10,0,4.740999259844614e-15,7,fedavg,secureagg_sim,0.2151662367292982,0.0,41
secureagg_sim,0.0004910999996354803,8.200004231184721e-06,1680,3360,2.0,pairwise-mask and dropout-reconstruction arithmetic simulation; no network or collusion proof,10,0,3.4122010772463796e-15,8,fedavg,secureagg_sim,0.2112038973005868,0.0,41
secureagg_sim,0.00047650000487919897,7.899994670879096e-06,1680,3360,2.0,pairwise-mask and dropout-reconstruction arithmetic simulation; no network or collusion proof,10,0,2.338407245616736e-15,9,fedavg,secureagg_sim,0.20786232098507967,0.0,41
secureagg_sim,0.00046940000174799934,8.000002708286047e-06,1680,3360,2.0,pairwise-mask and dropout-reconstruction arithmetic simulation; no network or collusion proof,10,0,2.5326962749261384e-15,10,fedavg,secureagg_sim,0.20497957610729944,0.0,41
secureagg_sim,0.00044969999726163223,8.900002285372466e-06,1680,3360,2.0,pairwise-mask and dropout-reconstruction arithmetic simulation; no network or collusion proof,10,0,2.7376104855258987e-15,11,fedavg,secureagg_sim,0.2024503371511524,0.0,41
secureagg_sim,0.0019333000018377788,1.580000389367342e-05,1680,3360,2.0,pairwise-mask and dropout-reconstruction arithmetic simulation; no network or collusion proof,10,0,4.3954640274734835e-15,12,fedavg,secureagg_sim,0.2002025425068637,0.0,41
secureagg_sim,0.0008630000011180528,1.340000017080456e-05,1680,3360,2.0,pairwise-mask and dropout-reconstruction arithmetic simulation; no network or collusion proof,10,0,3.737895409861025e-15,13,fedavg,secureagg_sim,0.1981847618907773,0.0,41
secureagg_sim,0.0008287000018754043,1.0299998393747956e-05,1680,3360,2.0,pairwise-mask and dropout-reconstruction arithmetic simulation; no network or collusion proof,10,0,2.776858604169874e-15,14,fedavg,secureagg_sim,0.19635895687561936,0.0,41
secureagg_sim,0.0007982000024640001,9.999996109399945e-06,1680,3360,2.0,pairwise-mask and dropout-reconstruction arithmetic simulation; no network or collusion proof,10,0,1.5265566588595902e-15,15,fedavg,secureagg_sim,0.19469612850600698,0.0,41
secureagg_sim,0.0009589000037522055,1.9700004486367106e-05,1680,3360,2.0,pairwise-mask and dropout-reconstruction arithmetic simulation; no network or collusion proof,10,0,3.7921055184853e-15,16,fedavg,secureagg_sim,0.19317359128788464,0.0,41
secureagg_sim,0.0005044999998062849,8.600000001024455e-06,1680,3360,2.0,pairwise-mask and dropout-reconstruction arithmetic simulation; no network or collusion proof,10,0,4.5081126331947274e-15,17,fedavg,secureagg_sim,0.19177320389784833,0.0,41
secureagg_sim,0.0004417000018293038,6.900001608300954e-06,1680,3360,2.0,pairwise-mask and dropout-reconstruction arithmetic simulation; no network or collusion proof,10,0,4.812990284097651e-15,18,fedavg,secureagg_sim,0.19048018411799242,0.0,41
secureagg_sim,0.0005091999992146157,8.900002285372466e-06,1680,3360,2.0,pairwise-mask and dropout-reconstruction arithmetic simulation; no network or collusion proof,10,0,4.2934406030425976e-15,19,fedavg,secureagg_sim,0.1892822924043894,0.0,41
secureagg_sim,0.0004958999998052604,8.900002285372466e-06,1680,3360,2.0,pairwise-mask and dropout-reconstruction arithmetic simulation; no network or collusion proof,10,0,2.7998436902265667e-15,20,fedavg,secureagg_sim,0.18816925491650174,0.0,41
secureagg_sim,0.0004422999991220422,7.399998139590025e-06,1680,3360,2.0,pairwise-mask and dropout-reconstruction arithmetic simulation; no network or collusion proof,10,0,2.9858927830250792e-15,21,fedavg,secureagg_sim,0.18713234621697322,0.0,41
secureagg_sim,0.0008450000023003668,1.2799995602108538e-05,1680,3360,2.0,pairwise-mask and dropout-reconstruction arithmetic simulation; no network or collusion proof,10,0,1.2906342661267445e-15,22,fedavg,secureagg_sim,0.18616408099757992,0.0,41
secureagg_sim,0.0008353000011993572,1.2600001355167478e-05,1680,3360,2.0,pairwise-mask and dropout-reconstruction arithmetic simulation; no network or collusion proof,10,0,2.9568361648024677e-15,23,fedavg,secureagg_sim,0.1852579818909148,0.0,41
secureagg_sim,0.002183699994930066,2.7000001864507794e-05,1680,3360,2.0,pairwise-mask and dropout-reconstruction arithmetic simulation; no network or collusion proof,10,0,2.7989763284885782e-15,24,fedavg,secureagg_sim,0.18440840146056717,0.0,41
secureagg_sim,0.00228909999714233,3.0099996365606785e-05,1680,3360,2.0,pairwise-mask and dropout-reconstruction arithmetic simulation; no network or collusion proof,10,0,2.0058824393154318e-15,25,fedavg,secureagg_sim,0.183610383499659,0.0,41
secureagg_sim,0.0017736000008881092,1.9999999494757503e-05,1680,3360,2.0,pairwise-mask and dropout-reconstruction arithmetic simulation; no network or collusion proof,10,0,3.1519925558498585e-15,26,fedavg,secureagg_sim,0.18285955335145704,0.0,41
secureagg_sim,0.0017014999975799583,2.3299995518755168e-05,1680,3360,2.0,pairwise-mask and dropout-reconstruction arithmetic simulation; no network or collusion proof,10,0,3.2846989017620842e-15,27,fedavg,secureagg_sim,0.18215203000984795,0.0,41
secureagg_sim,0.0008591000005253591,1.3899996702093631e-05,1680,3360,2.0,pairwise-mask and dropout-reconstruction arithmetic simulation; no network or collusion proof,10,0,2.8119867545584043e-15,28,fedavg,secureagg_sim,0.18148435481539016,0.0,41
secureagg_sim,0.000814300001366064,1.0199997632298619e-05,1680,3360,2.0,pairwise-mask and dropout-reconstruction arithmetic simulation; no network or collusion proof,10,0,4.887366553130157e-15,29,fedavg,secureagg_sim,0.18085343297726378,0.0,41
secureagg_sim,0.0008127999972202815,1.0000003385357559e-05,1680,3360,2.0,pairwise-mask and dropout-reconstruction arithmetic simulation; no network or collusion proof,10,0,1.607654981361506e-15,30,fedavg,secureagg_sim,0.18025648513913728,0.0,41
secureagg_sim,0.0008082999993348494,1.0099996870849282e-05,1680,3360,2.0,pairwise-mask and dropout-reconstruction arithmetic simulation; no network or collusion proof,10,0,1.9650080174127282e-15,31,fedavg,secureagg_sim,0.17969100690687764,0.0,41
secureagg_sim,0.000912600000447128,1.2799995602108538e-05,1680,3360,2.0,pairwise-mask and dropout-reconstruction arithmetic simulation; no network or collusion proof,10,0,1.904726376622534e-15,32,fedavg,secureagg_sim,0.1791547347589992,0.0,41
secureagg_sim,0.0008490999971400015,1.2500000593718141e-05,1680,3360,2.0,pairwise-mask and dropout-reconstruction arithmetic simulation; no network or collusion proof,10,0,2.796157402840116e-15,33,fedavg,secureagg_sim,0.17864561712708815,0.0,41
secureagg_sim,0.0008199000003514811,1.1900003300979733e-05,1680,3360,2.0,pairwise-mask and dropout-reconstruction arithmetic simulation; no network or collusion proof,10,0,3.3237301799715624e-15,34,fedavg,secureagg_sim,0.17816178970370028,0.0,41
secureagg_sim,0.0009289999943575822,1.9999999494757503e-05,1680,3360,2.0,pairwise-mask and dropout-reconstruction arithmetic simulation; no network or collusion proof,10,0,2.661065812148422e-15,35,fedavg,secureagg_sim,0.17770155423707287,0.0,41
secureagg_sim,0.0008239000017056242,1.069999416358769e-05,1680,3360,2.0,pairwise-mask and dropout-reconstruction arithmetic simulation; no network or collusion proof,10,0,2.5804011705155006e-15,36,fedavg,secureagg_sim,0.17726336022452727,0.0,41
secureagg_sim,0.0008344000016222708,1.2800002878066152e-05,1680,3360,2.0,pairwise-mask and dropout-reconstruction arithmetic simulation; no network or collusion proof,10,0,2.246250060955468e-15,37,fedavg,secureagg_sim,0.17684578903300643,0.0,41
secureagg_sim,0.0008149999994202517,1.0899995686486363e-05,1680,3360,2.0,pairwise-mask and dropout-reconstruction arithmetic simulation; no network or collusion proof,10,0,3.0548480411951573e-15,38,fedavg,secureagg_sim,0.17644754006523342,0.0,41
secureagg_sim,0.0008078999962890521,9.60000033956021e-06,1680,3360,2.0,pairwise-mask and dropout-reconstruction arithmetic simulation; no network or collusion proof,10,0,2.4528989950312052e-15,39,fedavg,secureagg_sim,0.17606741866024425,0.0,41
secureagg_sim,0.0008063999994192272,1.0299998393747956e-05,1680,3360,2.0,pairwise-mask and dropout-reconstruction arithmetic simulation; no network or collusion proof,10,0,3.737244888557534e-15,40,fedavg,secureagg_sim,0.17570432547240525,0.0,41
quantized_transport_proxy,0.00010769999789772555,2.6100002287421376e-05,1680,26880,16.0,quantized transport accounting proxy; not homomorphic encryption,10,0,0.0,1,fedavg,quantized_transport_proxy,0.3285188369758,0.0,41
quantized_transport_proxy,9.779999527381733e-05,2.4400003894697875e-05,1680,26880,16.0,quantized transport accounting proxy; not homomorphic encryption,10,0,0.0,2,fedavg,quantized_transport_proxy,0.27036632035426644,0.0,41
quantized_transport_proxy,9.859999408945441e-05,2.469999890308827e-05,1680,26880,16.0,quantized transport accounting proxy; not homomorphic encryption,10,0,0.0,3,fedavg,quantized_transport_proxy,0.2474817915574714,0.0,41
quantized_transport_proxy,8.969999908003956e-05,2.099999983329326e-05,1680,26880,16.0,quantized transport accounting proxy; not homomorphic encryption,10,0,0.0,4,fedavg,quantized_transport_proxy,0.23468499941338825,0.0,41
quantized_transport_proxy,6.86999992467463e-05,1.889999839477241e-05,1680,26880,16.0,quantized transport accounting proxy; not homomorphic encryption,10,0,0.0,5,fedavg,quantized_transport_proxy,0.22621548444105058,0.0,41
quantized_transport_proxy,6.470000516856089e-05,1.8699996871873736e-05,1680,26880,16.0,quantized transport accounting proxy; not homomorphic encryption,10,0,0.0,6,fedavg,quantized_transport_proxy,0.22001412957838803,0.0,41
quantized_transport_proxy,6.53000024612993e-05,1.8200000340584666e-05,1680,26880,16.0,quantized transport accounting proxy; not homomorphic encryption,10,0,0.0,7,fedavg,quantized_transport_proxy,0.21516622946193512,0.0,41
quantized_transport_proxy,7.889999687904492e-05,2.3100001271814108e-05,1680,26880,16.0,quantized transport accounting proxy; not homomorphic encryption,10,0,0.0,8,fedavg,quantized_transport_proxy,0.21120387991941625,0.0,41
quantized_transport_proxy,8.580000576330349e-05,1.9599996448960155e-05,1680,26880,16.0,quantized transport accounting proxy; not homomorphic encryption,10,0,0.0,9,fedavg,quantized_transport_proxy,0.20786230679616238,0.0,41
quantized_transport_proxy,6.510000093840063e-05,1.8699996871873736e-05,1680,26880,16.0,quantized transport accounting proxy; not homomorphic encryption,10,0,0.0,10,fedavg,quantized_transport_proxy,0.2049795619937162,0.0,41
quantized_transport_proxy,0.00013010000111535192,3.029999788850546e-05,1680,26880,16.0,quantized transport accounting proxy; not homomorphic encryption,10,0,0.0,11,fedavg,quantized_transport_proxy,0.20245032561620024,0.0,41
quantized_transport_proxy,0.0001238999975612387,2.6200003048870713e-05,1680,26880,16.0,quantized transport accounting proxy; not homomorphic encryption,10,0,0.0,12,fedavg,quantized_transport_proxy,0.2002025245366661,0.0,41
quantized_transport_proxy,9.830000635702163e-05,2.5000001187436283e-05,1680,26880,16.0,quantized transport accounting proxy; not homomorphic encryption,10,0,0.0,13,fedavg,quantized_transport_proxy,0.1981847333986488,0.0,41
quantized_transport_proxy,9.850000060396269e-05,2.540000423323363e-05,1680,26880,16.0,quantized transport accounting proxy; not homomorphic encryption,10,0,0.0,14,fedavg,quantized_transport_proxy,0.19635892890753676,0.0,41
quantized_transport_proxy,9.699999645818025e-05,2.4499997380189598e-05,1680,26880,16.0,quantized transport accounting proxy; not homomorphic encryption,10,0,0.0,15,fedavg,quantized_transport_proxy,0.1946961002529115,0.0,41
quantized_transport_proxy,9.389999468112364e-05,2.3500004317611456e-05,1680,26880,16.0,quantized transport accounting proxy; not homomorphic encryption,10,0,0.0,16,fedavg,quantized_transport_proxy,0.19317355350888457,0.0,41
quantized_transport_proxy,0.00012419999984558672,2.6299996534362435e-05,1680,26880,16.0,quantized transport accounting proxy; not homomorphic encryption,10,0,0.0,17,fedavg,quantized_transport_proxy,0.19177317817282963,0.0,41
quantized_transport_proxy,7.259999983943999e-05,2.119999408023432e-05,1680,26880,16.0,quantized transport accounting proxy; not homomorphic encryption,10,0,0.0,18,fedavg,quantized_transport_proxy,0.19048017262291222,0.0,41
quantized_transport_proxy,6.579999899258837e-05,1.8999999156221747e-05,1680,26880,16.0,quantized transport accounting proxy; not homomorphic encryption,10,0,0.0,19,fedavg,quantized_transport_proxy,0.18928229250468953,0.0,41
quantized_transport_proxy,6.310000026132911e-05,1.8300001102034003e-05,1680,26880,16.0,quantized transport accounting proxy; not homomorphic encryption,10,0,0.0,20,fedavg,quantized_transport_proxy,0.18816924710785637,0.0,41
quantized_transport_proxy,6.959999882383272e-05,1.840000186348334e-05,1680,26880,16.0,quantized transport accounting proxy; not homomorphic encryption,10,0,0.0,21,fedavg,quantized_transport_proxy,0.18713234438497464,0.0,41
quantized_transport_proxy,7.030000415397808e-05,2.0200001017656177e-05,1680,26880,16.0,quantized transport accounting proxy; not homomorphic encryption,10,0,0.0,22,fedavg,quantized_transport_proxy,0.1861640840620805,0.0,41
quantized_transport_proxy,0.0001072999948519282,2.8700000257231295e-05,1680,26880,16.0,quantized transport accounting proxy; not homomorphic encryption,10,0,0.0,23,fedavg,quantized_transport_proxy,0.18525798808123256,0.0,41
quantized_transport_proxy,9.789999603526667e-05,2.59000007645227e-05,1680,26880,16.0,quantized transport accounting proxy; not homomorphic encryption,10,0,0.0,24,fedavg,quantized_transport_proxy,0.18440840234545353,0.0,41
quantized_transport_proxy,0.00010069999552797526,2.540000423323363e-05,1680,26880,16.0,quantized transport accounting proxy; not homomorphic encryption,10,0,0.0,25,fedavg,quantized_transport_proxy,0.18361039612691016,0.0,41
quantized_transport_proxy,0.0001002000062726438,2.5000001187436283e-05,1680,26880,16.0,quantized transport accounting proxy; not homomorphic encryption,10,0,0.0,26,fedavg,quantized_transport_proxy,0.18285955812674953,0.0,41
quantized_transport_proxy,0.00013760000001639128,2.6299996534362435e-05,1680,26880,16.0,quantized transport accounting proxy; not homomorphic encryption,10,0,0.0,27,fedavg,quantized_transport_proxy,0.18215203466109206,0.0,41
quantized_transport_proxy,0.0001038999980664812,2.6399997295811772e-05,1680,26880,16.0,quantized transport accounting proxy; not homomorphic encryption,10,0,0.0,28,fedavg,quantized_transport_proxy,0.18148435675361388,0.0,41
quantized_transport_proxy,0.0001005000012810342,2.439999661874026e-05,1680,26880,16.0,quantized transport accounting proxy; not homomorphic encryption,10,0,0.0,29,fedavg,quantized_transport_proxy,0.1808534381552154,0.0,41
quantized_transport_proxy,9.709999721962959e-05,3.980000474257395e-05,1680,26880,16.0,quantized transport accounting proxy; not homomorphic encryption,10,0,0.0,30,fedavg,quantized_transport_proxy,0.1802565002688265,0.0,41
quantized_transport_proxy,0.00010060000204248354,2.5199995434377342e-05,1680,26880,16.0,quantized transport accounting proxy; not homomorphic encryption,10,0,0.0,31,fedavg,quantized_transport_proxy,0.1796910131829815,0.0,41
quantized_transport_proxy,0.00013160000526113436,2.8100002964492887e-05,1680,26880,16.0,quantized transport accounting proxy; not homomorphic encryption,10,0,0.0,32,fedavg,quantized_transport_proxy,0.17915474021153802,0.0,41
quantized_transport_proxy,0.00011190000077476725,2.890000178012997e-05,1680,26880,16.0,quantized transport accounting proxy; not homomorphic encryption,10,0,0.0,33,fedavg,quantized_transport_proxy,0.17864562052550495,0.0,41
quantized_transport_proxy,0.00010459999612066895,2.7599999157246202e-05,1680,26880,16.0,quantized transport accounting proxy; not homomorphic encryption,10,0,0.0,34,fedavg,quantized_transport_proxy,0.178161792112351,0.0,41
quantized_transport_proxy,0.00010109999857377261,2.649999805726111e-05,1680,26880,16.0,quantized transport accounting proxy; not homomorphic encryption,10,0,0.0,35,fedavg,quantized_transport_proxy,0.17770154856850692,0.0,41
quantized_transport_proxy,0.00010009999823523685,2.5200002710334957e-05,1680,26880,16.0,quantized transport accounting proxy; not homomorphic encryption,10,0,0.0,36,fedavg,quantized_transport_proxy,0.17726334956137385,0.0,41
quantized_transport_proxy,9.800000407267362e-05,2.4000000848900527e-05,1680,26880,16.0,quantized transport accounting proxy; not homomorphic encryption,10,0,0.0,37,fedavg,quantized_transport_proxy,0.17684576908495914,0.0,41
quantized_transport_proxy,9.88000028883107e-05,2.5000001187436283e-05,1680,26880,16.0,quantized transport accounting proxy; not homomorphic encryption,10,0,0.0,38,fedavg,quantized_transport_proxy,0.17644752881451273,0.0,41
quantized_transport_proxy,9.960000170394778e-05,2.510000194888562e-05,1680,26880,16.0,quantized transport accounting proxy; not homomorphic encryption,10,0,0.0,39,fedavg,quantized_transport_proxy,0.17606739772545793,0.0,41
quantized_transport_proxy,0.00011159999849041924,2.479999966453761e-05,1680,26880,16.0,quantized transport accounting proxy; not homomorphic encryption,10,0,0.0,40,fedavg,quantized_transport_proxy,0.17570431415991045,0.0,41
plain,2.0000006770715117e-06,1.7099999240599573e-05,1680,1680,1.0,plain weighted averaging,10,0,0.0,1,fedavgft_base,plain,0.3285188369758,0.0,41
plain,1.2999953469261527e-06,1.5199999324977398e-05,1680,1680,1.0,plain weighted averaging,10,0,0.0,2,fedavgft_base,plain,0.2703663210288402,0.0,41
plain,1.2999953469261527e-06,1.4400000509340316e-05,1680,1680,1.0,plain weighted averaging,10,0,0.0,3,fedavgft_base,plain,0.24748179551234806,0.0,41
plain,1.2000018614344299e-06,3.069999365834519e-05,1680,1680,1.0,plain weighted averaging,10,0,0.0,4,fedavgft_base,plain,0.2346850110325498,0.0,41
plain,1.2000018614344299e-06,1.3700002455152571e-05,1680,1680,1.0,plain weighted averaging,10,0,0.0,5,fedavgft_base,plain,0.22621548826832144,0.0,41
plain,1.7999991541728377e-06,2.1200001356191933e-05,1680,1680,1.0,plain weighted averaging,10,0,0.0,6,fedavgft_base,plain,0.22001414279051063,0.0,41
plain,1.7999991541728377e-06,1.9899998733308166e-05,1680,1680,1.0,plain weighted averaging,10,0,0.0,7,fedavgft_base,plain,0.21516623672929786,0.0,41
plain,1.8999999156221747e-06,2.149999636458233e-05,1680,1680,1.0,plain weighted averaging,10,0,0.0,8,fedavgft_base,plain,0.2112038973005863,0.0,41
plain,2.4000037228688598e-06,2.6700006856117398e-05,1680,1680,1.0,plain weighted averaging,10,0,0.0,9,fedavgft_base,plain,0.2078623209850793,0.0,41
plain,2.800006768666208e-06,3.300000389572233e-05,1680,1680,1.0,plain weighted averaging,10,0,0.0,10,fedavgft_base,plain,0.204979576107299,0.0,41
plain,1.5999976312741637e-06,2.099999983329326e-05,1680,1680,1.0,plain weighted averaging,10,0,0.0,11,fedavgft_base,plain,0.20245033715115196,0.0,41
plain,2.4000037228688598e-06,2.5800000003073364e-05,1680,1680,1.0,plain weighted averaging,10,0,0.0,12,fedavgft_base,plain,0.20020254250686328,0.0,41
plain,2.0000006770715117e-06,2.830000448739156e-05,1680,1680,1.0,plain weighted averaging,10,0,0.0,13,fedavgft_base,plain,0.19818476189077697,0.0,41
plain,1.6999983927235007e-06,1.750000228639692e-05,1680,1680,1.0,plain weighted averaging,10,0,0.0,14,fedavgft_base,plain,0.196358956875619,0.0,41
plain,1.2999953469261527e-06,1.580000389367342e-05,1680,1680,1.0,plain weighted averaging,10,0,0.0,15,fedavgft_base,plain,0.19469612850600657,0.0,41
plain,2.1000014385208488e-06,2.239999594166875e-05,1680,1680,1.0,plain weighted averaging,10,0,0.0,16,fedavgft_base,plain,0.1931735912878842,0.0,41
plain,2.1000014385208488e-06,2.4000000848900527e-05,1680,1680,1.0,plain weighted averaging,10,0,0.0,17,fedavgft_base,plain,0.19177320389784774,0.0,41
plain,1.6999983927235007e-06,2.149999636458233e-05,1680,1680,1.0,plain weighted averaging,10,0,0.0,18,fedavgft_base,plain,0.19048018411799186,0.0,41
plain,1.4999968698248267e-06,1.979999797185883e-05,1680,1680,1.0,plain weighted averaging,10,0,0.0,19,fedavgft_base,plain,0.18928229240438887,0.0,41
plain,1.8999999156221747e-06,2.130000211764127e-05,1680,1680,1.0,plain weighted averaging,10,0,0.0,20,fedavgft_base,plain,0.18816925491650122,0.0,41
plain,2.0000006770715117e-06,2.5000001187436283e-05,1680,1680,1.0,plain weighted averaging,10,0,0.0,21,fedavgft_base,plain,0.18713234621697264,0.0,41
plain,4.699999408330768e-06,5.5800002883188426e-05,1680,1680,1.0,plain weighted averaging,10,0,0.0,22,fedavgft_base,plain,0.1861640809975793,0.0,41
plain,4.199995601084083e-06,5.20999965374358e-05,1680,1680,1.0,plain weighted averaging,10,0,0.0,23,fedavgft_base,plain,0.18525798189091422,0.0,41
plain,2.2000021999701858e-06,2.3800006601959467e-05,1680,1680,1.0,plain weighted averaging,10,0,0.0,24,fedavgft_base,plain,0.18440840146056664,0.0,41
plain,1.7999991541728377e-06,2.2000000171829015e-05,1680,1680,1.0,plain weighted averaging,10,0,0.0,25,fedavgft_base,plain,0.1836103834996584,0.0,41
plain,2.1000014385208488e-06,2.2000000171829015e-05,1680,1680,1.0,plain weighted averaging,10,0,0.0,26,fedavgft_base,plain,0.18285955335145646,0.0,41
plain,1.8999999156221747e-06,1.9899998733308166e-05,1680,1680,1.0,plain weighted averaging,10,0,0.0,27,fedavgft_base,plain,0.18215203000984728,0.0,41
plain,1.600004907231778e-06,1.9500002963468432e-05,1680,1680,1.0,plain weighted averaging,10,0,0.0,28,fedavgft_base,plain,0.18148435481538955,0.0,41
plain,1.4999968698248267e-06,1.8799997633323073e-05,1680,1680,1.0,plain weighted averaging,10,0,0.0,29,fedavgft_base,plain,0.18085343297726308,0.0,41
plain,1.600004907231778e-06,1.8600003386382014e-05,1680,1680,1.0,plain weighted averaging,10,0,0.0,30,fedavgft_base,plain,0.18025648513913664,0.0,41
plain,1.600004907231778e-06,1.939999492606148e-05,1680,1680,1.0,plain weighted averaging,10,0,0.0,31,fedavgft_base,plain,0.17969100690687714,0.0,41
plain,1.500004145782441e-06,1.939999492606148e-05,1680,1680,1.0,plain weighted averaging,10,0,0.0,32,fedavgft_base,plain,0.17915473475899868,0.0,41
plain,3.0999945010989904e-06,3.730000025825575e-05,1680,1680,1.0,plain weighted averaging,10,0,0.0,33,fedavgft_base,plain,0.1786456171270876,0.0,41
plain,3.1000017770566046e-06,3.759999526664615e-05,1680,1680,1.0,plain weighted averaging,10,0,0.0,34,fedavgft_base,plain,0.17816178970369972,0.0,41
plain,2.1000014385208488e-06,2.4900000425986946e-05,1680,1680,1.0,plain weighted averaging,10,0,0.0,35,fedavgft_base,plain,0.17770155423707215,0.0,41
plain,2.0999941625632346e-06,2.2899999748915434e-05,1680,1680,1.0,plain weighted averaging,10,0,0.0,36,fedavgft_base,plain,0.17726336022452654,0.0,41
plain,1.6999983927235007e-06,2.160000440198928e-05,1680,1680,1.0,plain weighted averaging,10,0,0.0,37,fedavgft_base,plain,0.17684578903300566,0.0,41
plain,2.2000021999701858e-06,2.6299996534362435e-05,1680,1680,1.0,plain weighted averaging,10,0,0.0,38,fedavgft_base,plain,0.1764475400652327,0.0,41
plain,2.0000006770715117e-06,2.3699998564552516e-05,1680,1680,1.0,plain weighted averaging,10,0,0.0,39,fedavgft_base,plain,0.1760674186602435,0.0,41
plain,1.8999999156221747e-06,2.2300002456177026e-05,1680,1680,1.0,plain weighted averaging,10,0,0.0,40,fedavgft_base,plain,0.17570432547240447,0.0,41
